created_at,favorite_count,text,in_reply_to_screen_name,location,quote_count,reply_count,retweet_count,username
Fri Nov 03 07:10:54 +0000 2023,0,@owuuun_07 mjb keknya engga deh baru kemaren debat ttg penghapusan kewajiban kelulusan pke skripsi ,dptmxl_30,backrooms ,0,1,0,smutify
Thu Oct 26 06:04:31 +0000 2023,6,Nasyiah Talk Edisi ke-4 Pro Kontra Kebijakan Penghapusan Kewajiban Skripsi di Peguruan Tinggi Jumat 27 Oktober 2023 Pukul 19.00 WIB - selesai Narasumber : Risni Julaeni Yuhan Ketua Bidang Pendidikan dan Penelitian PPNA Live Instagram @ppnasyiah #skripsi #pendidikantinggi https://t.co/Ive9n0J8ti,,"Yogyakarta, Indonesia",0,0,2,ppnasyiah
Fri Sep 22 13:42:13 +0000 2023,1,Implikasi Penghapusan Kewajiban Skripsi Bagi Mahasiswa Program S1 https://t.co/y4Jki120Wk,,"Surakarta, Jawa Tengah",0,0,0,SukoWaspodo
Wed Sep 13 04:10:11 +0000 2023,0,Penghapusan kewajiban skripsi memang memberi kebebasan mahasiswa memilih tugas akhir sesuai bidang yang diminati. Meskipun begitu mahasiswa harus memahami tugas akhir lain pengganti skripsi. #ArtikelOpini #AdadiKompas https://t.co/906gG73Kwr,,"Palmerah, Jakarta",0,0,0,KompasData
Wed Sep 13 04:07:51 +0000 2023,0,Penghapusan kewajiban skripsi memang memberi kebebasan mahasiswa memilih tugas akhir sesuai bidang yang diminati. Meskipun begitu mahasiswa harus memahami tugas akhir lain pengganti skripsi. #Opini #AdadiKompas https://t.co/J3SFGJlYcs,,"Palmerah, Jakarta",0,0,0,hariankompas
Sat Sep 02 17:37:35 +0000 2023,4,UGM dan UNY sambut baik penghapusan kewajiban skripsi https://t.co/ME8KiSLav9,,NKRI,0,1,1,antaranews
Fri Sep 01 20:25:24 +0000 2023,0,Soal Penghapusan Kewajiban Skripsi Pengamat Ingatkan Perguruan Tinggi Soal Budaya Menulis https://t.co/qTKrZ0aIxt,,Bandar Lampung,0,0,0,radarlampung
Fri Sep 01 04:39:03 +0000 2023,1,Implikasi Penghapusan Kewajiban Skripsi Bagi Mahasiswa Program S1 https://t.co/y4Jki120Wk,,"Surakarta, Jawa Tengah",0,0,0,SukoWaspodo
Fri Sep 01 00:43:11 +0000 2023,0,Penghapusan kewajiban mengerjakan skripsi tesis atau disertasi sepatutnya disertai dengan terjaganya kualitas lulusan perguruan tinggi. #Dikbud #AdadiKompas https://t.co/003l21ZirJ,,"ÜT: 62.478419,21.330711",0,0,0,kompasmuda
Fri Sep 01 00:31:00 +0000 2023,1,Penghapusan kewajiban mengerjakan skripsi tesis atau disertasi sepatutnya disertai dengan terjaganya kualitas lulusan perguruan tinggi. #TajukRencana #AdadiKompas https://t.co/kbrOyRWNyU,,"Palmerah, Jakarta",0,0,0,KompasData
Fri Sep 01 00:29:43 +0000 2023,2,Penghapusan kewajiban mengerjakan skripsi tesis atau disertasi sepatutnya disertai dengan terjaganya kualitas lulusan perguruan tinggi. #TajukRencana #AdadiKompas https://t.co/BYO2CtHzz3,,"Palmerah, Jakarta",1,0,0,hariankompas
Fri Sep 01 00:26:21 +0000 2023,1,Penghapusan kewajiban mengerjakan skripsi tesis atau disertasi sepatutnya disertai dengan terjaganya kualitas lulusan perguruan tinggi. #Dikbud #AdadiKompas https://t.co/Jv0PF9K6bk,,"Palmerah, Jakarta",0,0,1,hariankompas
Thu Aug 31 20:08:07 +0000 2023,0,Penghapusan kewajiban mengerjakan skripsi tesis atau disertasi sepatutnya disertai dengan terjaganya kualitas lulusan perguruan tinggi. #Dikbud #AdadiKompas https://t.co/DA4LxpByXC,,"ÜT: 62.478419,21.330711",0,0,0,kompasmuda
Thu Aug 31 19:50:25 +0000 2023,0,Penghapusan kewajiban mengerjakan skripsi tesis atau disertasi sepatutnya disertai dengan terjaganya kualitas lulusan perguruan tinggi. #Dikbud #AdadiKompas https://t.co/SaWwMHrkRZ,,"Palmerah, Jakarta",0,0,1,hariankompas
Thu Aug 31 14:50:50 +0000 2023,2,penghapusan kewajiban skripsi malah jadi alibi validasi mahasiswa yang males skripsian,,,0,0,0,ardiandio
Thu Aug 31 03:15:41 +0000 2023,2,@robbyiborrn Iya kang kalau soal adu-aduan kesibukan pasti enggak akan selesai ujungnya. Cuma kesan yang didapatkan dari penghapusan kewajiban skripsi ini jadi cara aman bagi para mahasiswa. Padahal sayang banyak potensi yang bisa digali dari pengalaman skripsi. Mostly pengalaman hidup.,robby_rrn,Indonesia,0,2,0,yogsyg
Thu Aug 31 01:50:13 +0000 2023,1,@aqisthiaf Itulah kan bukan penghapusam skripsi. Tapi penghapusan kewajiban kalau tugas akhir bentuknya HANYA skripsi. Dan keputusan tetep dari kampusnya masing2. Artinya akan tetep ada kampus yg wajibin hanya dalam bentuk skripsi sebagai tugas akhir.,aqisthiaf,,0,0,0,atiiati
Thu Aug 31 01:29:32 +0000 2023,0,@summerissuminar @collegemenfess Setuju penghapusan kewajiban skripsi ini lebih industry based bukan untuk melahirkan ilmuan2 baru dari kampus,summerissuminar,,0,0,0,Harjin01
Wed Mar 20 04:54:02 +0000 2024,0,@collegemenfess bisa tergantung prodi deh nderr sinta 2 juga lebih tinggi ibaratnya dari sinta 4 kalau di prodiku udah lulus tanpa skripsi + dapat poin A kalau kaya sender mungkin kebijakan kampus masing masing yaa,collegemenfess,soc,0,0,0,kuehaluss
Sat Dec 23 16:21:04 +0000 2023,0,@oceanaskylight @convomf ada tergantung kebijakan kampus biasanya diganti dengan kegiatan lain bukan semata-mata lulus tanpa skripsi,oceanaskylight,,0,0,0,seiinocry
Fri Dec 15 09:54:20 +0000 2023,0,Salah satu kampus yang sudah menerapkan kebijakan lulus tanpa skripsi adalah ut https://t.co/7nwDV4tVGW,,Kota Gunungsitoli,0,0,0,Salutprawira
Sat Dec 02 04:22:31 +0000 2023,0,November full diprank kehidupan. dari yg kebijakan lulus tanpa skripsi dr prodi sampe temen yg fakenya gak ketulungan. yg salah siapa yg jd victim siapa. ngakunya tertekan pdhl selama ini udah pura gak ada masalah taunya yg sana bikin asumsi sendiri yg salah jd aku,,,0,0,0,Xiaomondz
Sat Nov 18 12:07:21 +0000 2023,1,@DokterTifa Nah apakah ada hubungannya ya kebijakan Kemendikbud yg akan memberlakukan S1 tanpa skripsi wah lama2 kalau pingin punya ijazah tinggal datang saja ke percetakan semoga tdk benar,DokterTifa,,0,1,0,prenjakesuk
Tue Oct 31 08:45:45 +0000 2023,1,@zaskibukan setujuu kata mendikbudristek no 53 tahun 2023 juga ngasih informasi kalau skripsi bisa lulus tanpa skripsi tapiii itu juga dikembalikan pada kebijakan kampus masing masing sih ada beberapa kampus juga yang tetap pakai skripsiii jadi ya gabisa terlalu santai juga,zaskibukan,,0,0,0,anisanur17_
Tue Oct 17 02:18:24 +0000 2023,11,Mahasiswa di kampus Muhammadiyah ini bisa lulus tanpa skripsi! dari Sumatera sampai NTB PTMA sudah terapkan kebijakan ini sebelum dicanangkan @Kemdikbud_RI @nadiemmakarim Daftar jadi mahasiswa melalui @sbmptmu. Pendaftaran akan dibuka kembali pada November 2023. https://t.co/X3EVB3np22,,Yogyakarta,2,2,6,diktilitbang
Mon Sep 18 12:59:17 +0000 2023,1,@collegemenfess klu kampusku drdlu udh ada kebijakan bisa lulus tanpa skripsi. tapi ya tetap ada tugas akhirnya like bikin jurnal atau Hak Kekayaan Intelektual macem-macem lah,collegemenfess,,0,0,0,habishujanair
Fri Sep 15 10:28:40 +0000 2023,0,@collegemenfess Ini alasan dikeluarkannya kebijakan lulus tanpa skripsi,collegemenfess,,0,0,0,krgy_kzto
Wed Sep 13 11:26:35 +0000 2023,1,Memerdekakan Mahasiswa Melalui Kebijakan Lulus tanpa Skripsi https://t.co/myh7d0voFn https://t.co/fTN9P1I7qt,,Indonesia,0,0,0,jurnalpostcom
Mon Sep 04 03:18:44 +0000 2023,0,Rektor UNS Sambut Positif Kebijakan Lulusan tanpa Skripsi Pacu Inovasi dan Kreativitas #rektoruns #uns #lulustanpaskripsi @11MaretUniv @UNSfess_ @BEMUNS https://t.co/xWzQbvaVpf,,"Surakarta, Jawa Tengah",0,0,0,RADARSOLO_
Sun Sep 03 09:23:17 +0000 2023,0,Puji Kebijakan Lulus Tanpa Skripsi Putra Nababan: Lebih Sesuai dengan Kebutuhan Dunia Usaha - https://t.co/yIlEJTGC1O,,Jakarta,0,0,0,kalderanews
Fri Sep 01 16:03:16 +0000 2023,5,Sejujurnya yang ini kebijakan bagus (tidak semuanya). Skripsi sebagai kualifikasi sarjana juga dasarnya ga kuat2 banget ditambah yang naik udah ilmu terapan dan industri. Udah saatnya berkembang tanpa ninggalin tradisi berubah.,,"Sragen, Indonesia",0,1,0,saharasanin
Fri Sep 01 10:19:00 +0000 2023,0,@tyagustinn kalo dr info yg dulu2. itu tergantung kebijakan masing2 univ bisa tanpa skripsi tp syarat harus bikin artikel yg diterbitkan jurnal inter bereptasi minimal Q4 atau jurnal terakreditasi nasional minimal sinta 3. tp balik lg univmu bgmn udh ada kebjakan itu belum..,tyagustinn,,0,1,0,virr_za
Fri Sep 01 04:25:10 +0000 2023,1,Kebijakan hapus skripsi ini disambut positif oleh beberapa perguruan tinggi. Bahkan Universitas Airlangga telah menerapkan kebijakan lulus kuliah tanpa skripsi ini sejak 2020. https://t.co/r2c5luPDnr,KATADATAcoid,Jakarta,0,1,0,KATADATAcoid
Fri Sep 01 02:06:01 +0000 2023,0,Mas/Mbak memang bisa tanpa skripsi tapi syaratnya KURIKULUM PRODI HARUS DIGANTI dulu. Kalaupun kurikulum baru sudah jadi tahun ini tidak mgkn diimplementasikan tahun ajaran ini. Paling cepat diberlakukan pd angkatan 2024. Kalian tidak bisa menikmati kebijakan ini. ,,Pare-Lamongan-Jogja-Semarang,0,0,0,icukprayogi
Thu Aug 31 13:03:38 +0000 2023,15,Saya mendukung kebijakan Mendikbud Nadiem Makarim yg tdk mewajibkan skripsi untuk bisa lulus S1 krn kebijakan itu dulu jg sudah diterapkan di IKIP dan ISI. Di IKIP dulu ada jalur skripsi bagi yg mau jadi dosen dan jalur glundung (tanpa skripsi) bagi yg tdk ingin jadi dosen,,Jakarta,1,0,3,Darmaningtyas
Thu Aug 31 04:22:04 +0000 2023,0,Beberapa program studi atau fakultas di Unsoed yang sudah menerapkan kebijakan lulus tanpa skripsi. Selengkapnya di sini! https://t.co/nWTkhSjAEb,,Jakarta,0,0,0,erakinimedia
Thu Aug 31 02:19:05 +0000 2023,0,Menurutnya kebijakan mahasiswa tanpa perlu mengerjakan skripsi sebagai syarat kelulusan sejatinya sudah pernah diterapkan di Indonesia pada era 1980an. #publisherstory #beritaanaksurabaya https://t.co/J9wWRlREue,,,0,0,1,kumparan
Thu Aug 31 01:14:03 +0000 2023,0,Perguruan Tinggi di Malang Sambut Baik Kebijakan Tanpa Skripsi oleh Nadiem - https://t.co/7FbiSrziVb,,"Malang, East Java, Indonesia",0,0,0,Blokadotcom
Thu Aug 31 00:10:15 +0000 2023,0,@JhonniSinaga20 Salah satu kebijakan menteri jokowi adalah kuliah tanpa skripsi. Keren ga tuh ,JhonniSinaga20,"DKI Jakarta, Indonesia",0,0,0,DYS_yes
Wed Aug 30 17:42:07 +0000 2023,1,Pada 30 Agustus 2023 Universitas Teknik Sumbawa Chairul Hudaya menanggapi jika agenda dihapusnya skripsi sudah ada dari jauh-jauh hari. Dan merasa kebijakan yang berlaku memberikan keleluasan buat kampus tanpa menurunkan kualitas pembelajaran.,SINDOnews,"Jakarta Pusat, DKI Jakarta",0,1,0,SINDOnews
Wed Aug 30 14:18:05 +0000 2023,3,Unsoed Sebut Kebijakan Lulus Tanpa Skripsi Dapat Jadi Alternatif Mahasiswa #TempoTekno https://t.co/tZzfWeSfmf,,Indonesia,0,0,0,tempodotco
Wed Aug 30 06:52:50 +0000 2023,0,Beneran tolol sih kalau ada mahasiswa yg mau dukung kebijakan nadiem. Coba suruh dia skripsi tanpa referensi hah?!,,,0,0,0,retardeus
Wed Aug 30 04:09:01 +0000 2023,0,Mahasiswa Lulus Tanpa Bikin Skripsi Begini Penjelasan Nadiem Makarim Nadiem meluncurkan kebijakan untuk transformasi di bidang pendidikan. Mahasiswa S1 tidak lagi wajib menyusun skripsi sebagai syarat kelulusan #skripsi #morning #mendikbudristek https://t.co/wgvnWs1Ut7,,,0,0,0,caperevisian
Tue Aug 29 14:14:40 +0000 2023,1,@sosmedkeras Ntar udah jalan tanpa skripsi tiba2 ganti kebijakan ,sosmedkeras,"Tokyo-to, Japan",0,0,0,kenmgalf
Tue Aug 29 13:53:23 +0000 2023,1,Memang anak muda kita ini pada kurang info kalo masalah pendidikan itu kebijakan lulus tanpa skripsi udah diterapkan sm bbrp kampus dari 10 tahun yg lalu.,,,0,0,0,Winzeey
Wed Mar 20 05:03:34 +0000 2024,4,@collegemenfess Ini belum ada yang posting namanya? Dianti maulina sari D3 teknik kimia Fakultas teknik Industri Pelaku penghapusan skripsi teman (hingga backup file juga) dan peretasan email,collegemenfess,,0,0,1,hai2wins
Tue Mar 19 21:20:01 +0000 2024,1,@merapi_uncover Masih gk paham yg jadi korban penghapusan skripsi itu fadila apa dianti? Yg meretas ini si HH? Terus kenapa yg buat surat permintaan maaf si dianti?,merapi_uncover,nowhere,0,0,0,mwrmerh
Mon Feb 26 03:28:35 +0000 2024,1,BZIRRR SKS YANG KULULUSI 154 BELUM SAMA SKRIPSI SOLUSINYA YA PENGHAPUSAN MATKUL DI TRANSKRIP ALIAS SIA SIA GUE KULIAH UJUNG UJUNGNYA DIHAPUS,,,0,2,0,sisulungcantik
Sat Feb 10 03:53:15 +0000 2024,1,Jenis-jenis KDRT KDRT sendiri telah diatur di dalam UU no 23 tahun 2004 tentang Penghapusan kekerasan dalam rumah tangga yang mana Salah satu aturannya membahas membahas Mengenai jenis-jenis KDRT nihh. #jokitugaskuliah #jokitugashukum #zonauangᅠ #Zonajajan #zonahukum https://t.co/ynLccL55X3,,,0,0,1,Jasatgshukum
Sat Jan 27 05:44:52 +0000 2024,0,@collegemenfess kalau di prodiku ngajuin penghapusan nilainya nanti aja sekalian kalau udah skripsi dan diajuin pas pemberkasan buat sidang,collegemenfess,"Semarang, Indonesia",0,0,0,anjar_imran
Sat Jan 20 09:47:49 +0000 2024,0,@lumidouces Maju Kanin. Minta penghapusan skripsi atau lulus diganti pake sertifikat genshin. Syaratnya punya C6 semua archon. ,lumidouces,"Him, Kefasha Ethan Rahardian.",0,1,0,hoyongitis
Fri Jan 19 09:47:21 +0000 2024,0,@andrifiadam Penghapusan Skripsi bener2 kebijakan yang tolol sih maksudnya bikin Skripsi tak. Lagi wajib itu tolol,andrifiadam,Gorontalo,0,0,0,klapertaart99
Mon Jan 15 11:03:12 +0000 2024,0,@BearHugKaos @halukinasi Bener rasa bersalahnya dia tidak semerta merta jadi penghapusan atas kesalahannya dulu,BearHugKaos,Semarang,0,0,0,txtdarimaskael5
Wed Dec 20 17:15:13 +0000 2023,0,@nabillaalmd Dampak utama dari penghapusan skripsi adalah hilangnya standar akademik yang tinggi dalam dalam program studi sarjana (S1). Skripsi adalah peluang bagi mahasiswa untuk mengembangkan keterampilan penelitian analisis data dan penulisan . https://t.co/1e19bO8ANI,nabillaalmd,,0,0,0,nabillaalmd
Thu Nov 30 15:10:00 +0000 2023,359,braw! mau tanya keputusan penghapusan atau penggantian skripsi bagi mahasiswa udah berlaku juga di fakultas kalian atau cuma berlaku buat anak vokasi ya? ini sender dapet dari story anak vokasi https://t.co/shv7a5MMNO,,"Malang, Jawa Timur",56,52,14,ubsansfess
Fri Nov 03 07:10:54 +0000 2023,0,@owuuun_07 mjb keknya engga deh baru kemaren debat ttg penghapusan kewajiban kelulusan pke skripsi ,dptmxl_30,backrooms ,0,1,0,smutify
Tue Oct 31 09:59:08 +0000 2023,0,@annisazafanas_ Setuju bgtt Penghapusan skripsi akan sangat bergantung pada struktur dan tujuan sistem pendidikan. Jika ada keinginan untuk menghapus skripsi harus ada penggantian yang memadai dan memastikan bahwa tujuan pendidikan dan pemahaman mahasiswa tetap terpenuhi.,annisazafanas_,"North Sumatra, Indonesia",0,0,0,Amaliakhair_
Tue Oct 31 09:11:10 +0000 2023,1,@zaskibukan mnurutku dgn diberlakukannya peraturan mendikbudristek no. 53 tahun 2023 tentang penghapusan skripsi sebagai syarat wajib kelulusan bagi mahasiswa justru menjadi angin segar di lingkup perkuliahan. -cont-,zaskibukan,gado-gado ,0,1,0,gwisgf
Tue Oct 31 07:22:53 +0000 2023,1,@annisazafanas_ Hasil keputusan Nadiem Makarim selaku Mendikbudristek mengenai penghapusan skripsi pada mahasiswa akhir merupakan kabar bahagia untuk mahasiswa tingkat akhir.,annisazafanas_,,0,1,0,erinaanggr
Thu Oct 26 06:04:31 +0000 2023,6,Nasyiah Talk Edisi ke-4 Pro Kontra Kebijakan Penghapusan Kewajiban Skripsi di Peguruan Tinggi Jumat 27 Oktober 2023 Pukul 19.00 WIB - selesai Narasumber : Risni Julaeni Yuhan Ketua Bidang Pendidikan dan Penelitian PPNA Live Instagram @ppnasyiah #skripsi #pendidikantinggi https://t.co/Ive9n0J8ti,,"Yogyakarta, Indonesia",0,0,2,ppnasyiah
Sat Oct 21 03:11:53 +0000 2023,0,@collegemenfess Karena aku kpopers yang biasa lewat ofcourse tentang kpop. Tapi mostly yang aku buka tentang pendidikan sih kak. Tentang penghapusan skripsi dan sejenisnya,collegemenfess,loving jaehyuk,0,0,0,meonjaehyuk
Wed Oct 18 23:45:35 +0000 2023,0,Soal Kebijakan Penghapusan Skripsi DPRD Kaltim Saran Ganti Jurnal Ilmiah dan Praktik Kerja https://t.co/abyNaXqIKq,,"Kota Bontang, Kalimantan Timur",0,0,0,pranaladotco
Fri Sep 29 02:22:18 +0000 2023,1,Tiga Dampak Penghapusan Skripsi Tesis Disertasi yang Tuai Kontroversi #tulungagung https://t.co/n5eFvBqDjv,,"Tulungagung, Indonesia",0,0,0,ratunews
Wed Sep 27 04:25:18 +0000 2023,0,Hallo #RencangLLDIKTI4! Berikut postingan Fakta penghapusan Skripsi! https://t.co/cv6N5bMWCh #RencangLLDIKTI4 #MentorSehati #MenjadiKatalisatorMelayaniSepenuhHati,,Jl. PHH Mustofa No 38 Bandung ,0,0,0,lldiktiwilayah4
Fri Sep 22 23:54:25 +0000 2023,0,Akhirnya selesai juga life goals satu persatu. Menyingkirkan ego dan gengsi sejak dapat gaji sendiri. Sudah penghapusan cpns dan studi pun selesai. Mengalah gak beli gadget berjuang dengan HP dan Laptop imoets dari jaman skripsi dulu. Puji Tuhan that's it ,,Indonesia,0,0,0,vangampa
Fri Sep 22 14:06:03 +0000 2023,0,@blooomylily Gaaaasss aja kak Mumpung masih belum diresmikan itu keputusan soal penghapusan skripsi ,cimoryyysqueeze,Karawang,0,0,0,vandy_46
Fri Sep 22 13:42:13 +0000 2023,1,Implikasi Penghapusan Kewajiban Skripsi Bagi Mahasiswa Program S1 https://t.co/y4Jki120Wk,,"Surakarta, Jawa Tengah",0,0,0,SukoWaspodo
Fri Sep 22 08:46:37 +0000 2023,0,@UPIfess Jumlah maksimal sks tu 156 (udah termasuk skripsi) kalo di ahir nanti lebih dari itu mau gamau ada penghapusan matkul angus ga angus gabegitu rugi sih asalkan sks lu kaga pas pasan aja buat lulus harusnya gabakal kekurangan sih,UPIfess,,1,0,0,Nebulla40578151
Sat Sep 16 01:45:46 +0000 2023,1,skripsi gw bukan sebatas bungkus gorengan. it's the thought process that is very causal to my daily viewpoint disagreements. penghapusan skripsi buat gw malah kureng efektif. kita selama kuliah kan cuma dikenalkan sama teori skripsi ini lah yg ditujukan buat pengetesan teori itu,wokestappen,24 • she/her,0,0,0,wokestappen
Fri Sep 15 18:38:59 +0000 2023,1,Kalaopun mendikbud di duduki asli produk pendidikan Indonesia yg berangkat dari kampung juga akan kesulitan menerjemahkan dalam bentuk kebijakan. Penghapusan UN dan Skripsi harus atau tidak diserahkan kampus. Menurutku adalah buah dari refleksi panjang dari keruwetan yg komplek,,Indonesia Lahir Batin,0,0,0,NgaliMahfud
Thu Sep 14 14:09:14 +0000 2023,0,*Terkait Penghapusan Skripsi Ini Kata Kaprodi PBSI UIR* https://t.co/RL83XVG0jm,,,0,0,0,romyfanboy
Thu Sep 14 06:20:36 +0000 2023,0,Undana Kupang Siap Menyesuaikan Kebijakan Penghapusan Skripsi untuk Mahasiswa https://t.co/aEI7dyEr1q,,"Jakarta Pusat, DKI Jakarta",0,0,0,tajukflores
Wed Sep 13 04:10:11 +0000 2023,0,Penghapusan kewajiban skripsi memang memberi kebebasan mahasiswa memilih tugas akhir sesuai bidang yang diminati. Meskipun begitu mahasiswa harus memahami tugas akhir lain pengganti skripsi. #ArtikelOpini #AdadiKompas https://t.co/906gG73Kwr,,"Palmerah, Jakarta",0,0,0,KompasData
Wed Sep 13 04:07:51 +0000 2023,0,Penghapusan kewajiban skripsi memang memberi kebebasan mahasiswa memilih tugas akhir sesuai bidang yang diminati. Meskipun begitu mahasiswa harus memahami tugas akhir lain pengganti skripsi. #Opini #AdadiKompas https://t.co/J3SFGJlYcs,,"Palmerah, Jakarta",0,0,0,hariankompas
Tue Sep 12 09:09:05 +0000 2023,0,UMBY Sudah Hapus Skripsi untuk Syarat Lulus. beberapa universitas dan perguruan tinggi menyuarakan pemikiran mereka mengenai wacana penghapusan skripsi sebagai persyaratan kelulusan. -- Ikuti #PendidikanKesehatan #UMBY #yogyakarta via @beritajatimcom https://t.co/Jdp9D8GY4c,,Surabaya,0,0,0,beritajatimcom
Mon Sep 11 18:18:26 +0000 2023,2,Sa udah ada perubahan penghapusan skripsi lho,,Your wallet,0,0,0,ANSY_12shitt
Mon Sep 11 08:25:24 +0000 2023,3,Pro dan Kontra Kebijakan Penghapusan Skripsi https://t.co/Hg9EmOxJTZ,,Indonesia,1,0,0,KompasTV
Sun Sep 10 14:16:50 +0000 2023,0,Pekan lalu kita dikabarkan dengan kebijakan penghapusan skripsi. Namun sayangnya skill menulis di tiap level lingkungan pendidikan terasa masih kurang. Artikel tertaut ini sangat menarik untuk memahami pentingnya menulis https://www.atlantis https://t.co/MTTwR26B9y https://t.co/2nbVgkX8wj,,indonesia,0,0,0,J_Aiyolanda
Sun Sep 10 07:59:34 +0000 2023,1,Hallo semuanya buat yang lagi butuh joki skripsi di penghujung penghapusan skripsi bisa koki bantu yaa harga termurcee.. cuss klik link di bioo,,,0,0,0,koko_joki
Sat Sep 09 02:18:53 +0000 2023,2,ADEK TINGKAT GUE NANYA KE DOSEN AKADEMIK TTG PENGHAPUSAN SKRIPSI WKWKWKWK mentalnya keren batt lukh dek ,,magic shop,0,0,0,dolphinna_
Sat Sep 09 02:08:27 +0000 2023,0,@Red_Wonwoo semoga kampusku nerapin penghapusan skripsi roommate aku udah semester 7 lagi nangis² sama aku krn proposalnya belum naik,red_wonwoo,,0,1,0,nonuunggie
Thu Sep 07 04:45:57 +0000 2023,0,Setuju dengan poin bahwa penghapusan skripsi tesis dan disertasi bukan berarti menghilangkan beban mahasiswa. Membuat rileks pasti. Banyak pengalaman bahwa skripsi dan sejenisnya bisa membuat stres. Selain karena susahnya mencari data mengolah dan menuliskannya ,AryaPanam,"Pekan Baru, Riau",0,1,0,AryaPanam
Thu Sep 07 00:25:52 +0000 2023,0,@serakyut @erickthohir AKU MAS Puan Maharani Dukung Penghapusan Skripsi https://t.co/9Zy3MBBMSS,serakyut,"Palu, Sulawesi Tengah ",0,0,0,HantonoSyahril
Wed Sep 06 08:00:43 +0000 2023,0,Ketua DPR RI Puan Maharani menyebut penghapusan skripsi sebagai syarat kelulusan bagi mahasiswa S1 merupakan bentuk kemerdekaan dalam belajar.Persyaratan skripsi menjadi beban yang berat dan terkadang membatasi eksplorasi ilmu dan minat akademik mahasiswa. https://t.co/Ks6Tpy3xXW https://t.co/GGXs05fXev,,,1,0,0,VIVAcoid
Tue Sep 05 10:49:15 +0000 2023,1,Puan Maharani menyebut penghapusan skripsi sebagai syarat kelulusan bagi mahasiswa S1 merupakan bentuk kemerdekaan dalam belajar. https://t.co/BE25SYVPY7,,NKRI,0,0,0,antaranews
Tue Sep 05 09:25:02 +0000 2023,0,Mahasiswa UHW Perbanas Punya Kesempatan Lulus Lewat Proyek Bisnis. UHW Perbanas Surabaya masih akan melakukan sejumlah analisis kebijakan Kemendikbudristek terkait penghapusan skripsi dalam #PendidikanKesehatan #Penghapusanskripsi via @beritajatimcom https://t.co/uVCSsyuzm6,,Surabaya,0,0,0,beritajatimcom
Tue Sep 05 09:17:40 +0000 2023,3,Plh. Kadisdik Aceh Dr. Asbaruddin STP. MM. M.Eng menjadi Narasumber dalam acara Talkshow Pro 1 RRI Banda Aceh dengan tema Menyahuti Kebijakan Penghapusan Skripsi Oleh MendikbudRistek Republik Indonesia . @pro1bandaaceh #pemerintahaceh #dinaspendidikanaceh https://t.co/ScDLUao4MN,,Kota Banda Aceh,0,0,0,disdikacehprov
Mon Sep 04 23:14:32 +0000 2023,0,Universitas Mulawarman Pertimbangkan Penghapusan Skripsi https://t.co/gTKEjSUXWk,,"Kalimantan Timur, Indonesia",0,0,1,IDNTimesKaltim
Mon Sep 04 07:00:00 +0000 2023,0,Juru Bicara Nasional DPP Partai Perindo Ike Julies Tiati atau Ike Suharjo mengatakan aturan baru ini tentu menjadi suatu terobosan baru bagi dunia pendidikan di Indonesia. #GTV #BuletiniNews #Perindo #jubir #Mendikbudristek #penghapusan #Skripsi #syarat #lulus https://t.co/82ZZD7XkL0,,"Jakarta, Indonesia",0,0,0,GTVID_News
Mon Sep 04 03:39:05 +0000 2023,0,Kebijakan Penghapusan Skripsi di Era Kehadiran AI: Menguntungkan atau Merugikan? #TempoIndonesiana https://t.co/UFNpVHXSx2,,Jakarta,0,0,0,indonesiana
Sun Sep 03 23:44:57 +0000 2023,1,@CNNIndonesia Skripsi adalah salah satu kompetensi spesifik dan spesialistik dan aplikatif yg dikuasai oleh mahasiswa lulusan peguruan tinggi. Selain itu pembahasan tema skripsi merupakan tema pembahasan utama di dunia kerja. Penghapusan skripsi ini hanya akan menurunkan daya saing warga 62.,CNNIndonesia,Jakarta,0,0,0,IsmanTengku
Sun Sep 03 04:40:19 +0000 2023,0,Gimana Cah? Menurut kamu tepat gak sih kebijakan mengenai penghapusan skripsi ini? Sampaikan pendapatmu dengan reply atau qrt!,cahunsoedcom,Unsoed - Purwokerto,0,0,0,cahunsoedcom
Sun Sep 03 04:40:16 +0000 2023,0,Berdasarkan isi dari peraturan menteri tersebut terdapat perubahan atau dampak berupa penghapusan skripsi bagi mahasiswa S1.,cahunsoedcom,Unsoed - Purwokerto,0,1,0,cahunsoedcom
Sun Sep 03 04:40:15 +0000 2023,0,Pada 29 Agustus 2023 Nadiem Makarim mengumumkan mengenai penghapusan skripsi yang terdapat dalam Peraturan Menteri Pendidikan Kebudayaan Riset dan Teknologi (Permendikbudristek) Nomor 53 Tahun 2023 tentang Penjaminan Mutu Pendidikan Tinggi.,cahunsoedcom,Unsoed - Purwokerto,0,1,0,cahunsoedcom
Sun Sep 03 04:40:14 +0000 2023,3,Kepriwe kabare Cah? Beberapa hari kemarin ramai nih mengenai penghapusan skripsi oleh Menteri Pendidikan Nadiem Makarim. Kalian penasaran gak sih kenapa Pak Nadiem bisa mengatakan seperti itu? #CahunsoedInfo A Thread,,Unsoed - Purwokerto,0,1,2,cahunsoedcom
Sat Sep 02 19:08:00 +0000 2023,0,Kepala Dinas Pendidikan Kota Gorontalo: Penghapusan Skripsi Tidak Tepat https://t.co/TIuYYknRb8,,Gorontalo,0,0,0,pojok6indonesia
Sat Sep 02 17:51:25 +0000 2023,0,Soal Penghapusan Skripsi DPR: Harus Ada Aturan Baku https://t.co/xJY2i4OHMk,,Solo - Surakarta - Solo Raya,0,0,0,kabartimlo
Sat Sep 02 17:37:35 +0000 2023,4,UGM dan UNY sambut baik penghapusan kewajiban skripsi https://t.co/ME8KiSLav9,,NKRI,0,1,1,antaranews
Thu Aug 31 16:01:28 +0000 2023,0,2 hari ini di kelas bahasannya soal penghapusan skripsi melulu. Kan kalau skripsi dihapus tetep ada tugas pengganti. Emang pada mau misal diminta nulis novel boso Enggres?,,"Semarang, Indonesia",0,1,0,srisumaryani
Thu Aug 31 15:28:02 +0000 2023,0,Soal Penghapusan Skripsi Unair Sambut Baik dan Siapkan Skema Baru. Unair Surabaya menyambut baik kebijakan Kemendikbudristek terkait penghapusan skripsi dalam Permendikbudristek No. 53 #PendidikanKesehatan #Kemendikbudristek via @beritajatimcom https://t.co/F6yiLP5mZc,,Surabaya,0,0,0,beritajatimcom
Thu Aug 31 14:50:50 +0000 2023,2,penghapusan kewajiban skripsi malah jadi alibi validasi mahasiswa yang males skripsian,,,0,0,0,ardiandio
Thu Aug 31 14:30:11 +0000 2023,0,@CNNIndonesia Jika Forum Rektor Indonesia juga setuju penghapusan Skripsi - itu sama dengan menghapuskan UJI KUALITAS Mahasiswa..... Apa sih dasar FUNDAMENTAL Kementerian Pendidikan menhapus Skripsi .... apa coba ? Tidak memberikan SOLUSi - malah hupas-hapus saja.,CNNIndonesia,"Yogyakarta, Indonesia",0,0,0,soboalasku
Thu Aug 31 13:46:42 +0000 2023,1,@collegemenfess 1. Keributan antara shafa dan mamanya salah stu idol kpop wkwkwkwk 2. Itu lho pesantren yg petingginya pake ajaran sesat aku lupa lagi nama pesantrennya 3. Kasus s*mbo yg gagal dihukum mati 4. Penghapusan skripsi (padahal aslinya suruh milih),collegemenfess,Sundanese,0,0,0,sunflowna_
Thu Aug 31 12:27:57 +0000 2023,86,Di tengah ramenya rencana penghapusan skripsi sebagai syarat kelulusan gue malah nemu berita list provinsi yang angka partisipasi perguruan tingginya rendah banget Makin heran lagi pas liat listnyaa sih wkwk https://t.co/DFHxqv2rFv,,,0,4,13,sourvive
Thu Aug 31 10:26:13 +0000 2023,0,Aku ketika mendengar wacana penghapusan skripsi dan tesis tak harus ada publikasi jurnal... https://t.co/iANNU6jOo9,,disini,0,0,0,Maulthebear
Thu Aug 31 08:26:24 +0000 2023,0,Soal Penghapusan Skripsi DPR: Harus Ada Aturan Baku https://t.co/xJY2i4OHMk,,Solo - Surakarta - Solo Raya,0,0,0,kabartimlo
Thu Aug 31 05:26:27 +0000 2023,0,Mendikbudristek Nadiem Makarim mengumumkan penghapusan persyaratan skripsi sebagai syarat kelulusan bagi mahasiswa. https://t.co/i8DQcpusRW #suaramerdeka #suaramerdekacom #penghapusan #skripsi #tugasakhir #nadiemmakarim #mendikbudristek #merdekabelajar https://t.co/bpNmxbRUQM,,indonesia,0,0,0,suaramerdeka
Thu Aug 31 03:51:24 +0000 2023,1,Lama2 bosen juga yg muncul di TL mahasiswa yg bahas ttg penghapusan skripsi. Hey dek itu bukan berarti kelulusan kalian jadi lebih mudah loh Emangnya nembus jurnal Sinta sekian bikin project atau prototipe apalah itu bakal lebih gampang? ,,Slow Blue Ocean,0,0,0,geuriw0hada
Thu Aug 31 03:51:04 +0000 2023,0,Mendikbudristek Nadiem Makarim mengeluarkan kebijakan penghapusan skripsi sebagai syarat kelulusan mahassiswa. Ini alasannya. #portalyogya #NadiemMakarim https://t.co/nSLXbx1B3d,,Pogung Dalangan Gang Semar No.,0,0,0,portalyogya
Thu Aug 31 03:39:40 +0000 2023,0,@crinklepasta @collegemenfess Dan di beritanya juga bukan penghapusan skripsinya. Tapi sekarang skripsi udah ngga wajib jadi mungkin beberapa kampus masih menerapkan tugas akhir kepenulisan yang hampir sama kayak skripsi,crinklepasta,he/him,0,0,0,Putrawrrrr
Thu Aug 31 03:15:41 +0000 2023,2,@robbyiborrn Iya kang kalau soal adu-aduan kesibukan pasti enggak akan selesai ujungnya. Cuma kesan yang didapatkan dari penghapusan kewajiban skripsi ini jadi cara aman bagi para mahasiswa. Padahal sayang banyak potensi yang bisa digali dari pengalaman skripsi. Mostly pengalaman hidup.,robby_rrn,Indonesia,0,2,0,yogsyg
Thu Aug 31 02:51:07 +0000 2023,0,Tapi penghapusan skripsi ini juga nggak semata-mata dihapus gitu aja karena Pak Menteri aja bilangnya skripsi TIDAK DIWAJIBKAN dan diganti beberapa program lain. Jadi ya kebijakannya balik lagi ke kampus masing-masing. Gue yakin sih tetep ada kampus yang mewajibkan skripsi,,is eeping in shiro's warm hug!,0,0,0,sparksofpoem
Thu Aug 31 01:52:05 +0000 2023,2,penghapusan skripsi ini sedikit mengkhawatirkan karena pasti ada tugas pengganti yang lebih sulit,,she/her,0,0,0,xskylinesx
Thu Aug 31 01:50:13 +0000 2023,1,@aqisthiaf Itulah kan bukan penghapusam skripsi. Tapi penghapusan kewajiban kalau tugas akhir bentuknya HANYA skripsi. Dan keputusan tetep dari kampusnya masing2. Artinya akan tetep ada kampus yg wajibin hanya dalam bentuk skripsi sebagai tugas akhir.,aqisthiaf,,0,0,0,atiiati
Thu Aug 31 01:36:11 +0000 2023,0,adek guee enak bgt kena penghapusan muluu dia kelas 3 SMA UN di apus sekarang lg sem7 skripsi di apus,,,0,1,1,ralluvee
Thu Aug 31 01:29:32 +0000 2023,0,@summerissuminar @collegemenfess Setuju penghapusan kewajiban skripsi ini lebih industry based bukan untuk melahirkan ilmuan2 baru dari kampus,summerissuminar,,0,0,0,Harjin01
Thu Aug 31 00:58:04 +0000 2023,2,Sekali lagi penghapusan skripsi bagi kelulusan sarjana pasti disambut gembira para mahasiswa dan pastinya lagu lawas Iwan Fals seperti judul di atas akan semakin syahdu. #userstory https://t.co/VeZg0rrfYb,,,0,0,0,kumparan
Thu Aug 31 00:33:33 +0000 2023,0,Topik Diskusi Pagi ini: Mengkaji terobosan Mendikbudristek yang Tidak Mewajibkan Membuat Skripsi dan Tak Wajib Masuk Jurnal. Apa Plus-Minusnya?. Berikut mantan Rektor USD Yogyakarta; Johanes Eka Priyatma Ph.D #NOW #LIVE #TOPIK #pendidikan #penghapusan #skripsi #jurnal,,"Semarang, Jawa Tengah",0,0,0,RadioIdolaSMG
Thu Aug 31 00:11:25 +0000 2023,0,Topik Diskusi Pagi ini: Mengkaji terobosan Mendikbudristek yg Tidak Mewajibkan Mebuat Skripsi dan Tak Wajib Masuk Jurnal. Apa Plus-Minusnya?. Berikut pendapat Waketum Vox Populi Institute Indonesia; Indra Charismiadji #NOW #LIVE #TOPIK #pendidikan #penghapusan #skripsi #jurnal,,"Semarang, Jawa Tengah",0,0,1,RadioIdolaSMG
Wed Aug 30 22:45:45 +0000 2023,0,Mahasiswa Harus Tahu Berikut Terobosan Penerapan Penghapusan Skripsi Dari Nadiem Makarim https://t.co/3C4IshgDEP,,"Lumajang, Indonesia",0,0,0,kelumajangcom
Wed Aug 30 16:00:06 +0000 2023,0,AYO PAK BANTU HIBUR SAYA DENGAN PENGHAPUSAN SKRIPSI INI PAK SAYA LAGI SEDIH BGT GA FOKUS SKRIPSIAN INIMAH,,,0,1,0,sapirak2
Wed Aug 30 15:14:49 +0000 2023,0,Mahasiswa Harus Tahu Berikut Terobosan Penerapan Penghapusan Skripsi Dari Nadiem Makarim #Promedia #NadiemMakarim #skripsi https://t.co/3C4IshgDEP,,"Lumajang, Indonesia",0,0,0,kelumajangcom
Wed Aug 30 15:11:14 +0000 2023,0,setujuu sebenernya sm penghapusan skripsi apa lg skrg byk bgt jasa joki dan pemalsuan data kalau tujuan nya buat meningkatkan kualitas mahasiswa emg sistem pend hrus di ubah sih,,,0,1,0,tweetgarnis
Wed Aug 30 13:51:04 +0000 2023,0,Sejumlah Perguruan Tinggi Negeri (PTN) di Malang merespon kebijakan penghapusan skripsi sebagai syarat lulus bagi sarjana. https://t.co/fjWunyhsOE,,Surabaya,0,0,0,ngopibareng_id
Wed Aug 30 12:36:18 +0000 2023,0,Angkatan 20 jadi percobaan wkwkw. SMP kurtilas SMA penghapusan UN kampus merdeka trus sekarang penghapusan Skripsi,,,0,0,0,pagebamtoris
Wed Aug 30 10:41:08 +0000 2023,1,Penghapusan wajib skripsi gimana si maksudnya? Mau berharap tuh banget kalau terlalu berharap takut kit ati.,,,0,0,0,yudhoyosaki
Wed Aug 30 10:24:02 +0000 2023,0,Soal Wacana Penghapusan Skripsi Sebagai Syarat Kelulusan Dewan Pendidikan DIY: Tidak Ada Persoalan ...Merdeka!!! https://t.co/0zlmaC4O4n,,Bantul - Yogyakarta,0,0,0,_idhamsamawi
Wed Aug 30 09:53:15 +0000 2023,1,Pppfftt...penghapusan skripsi merupakan sebuah oenurunan kompetensi untuk mahasiswa menuju jenjang karirnya. Terlalu cepat sistematika perubahan kurikulum seperti ini hanya akan mendatangkan petaka layakmya kurikulum merdeka saat ini.,,,0,0,0,curiousfangs_
Wed Aug 30 04:49:38 +0000 2023,1,Implikasi Penghapusan Skripsi sebagai Persyaratan Wajib bagi Mahasiswa Program S1 https://t.co/8IYtyTSK8S,,"Surakarta, Jawa Tengah",0,0,0,SukoWaspodo
Wed Aug 30 04:38:59 +0000 2023,0,Ngakak banget sama komentar nya Angkatan 2020 selalu jadi kelinci percobaan Tapi untuk kali ini aku ngga papa jadi kelinci percobaan penghapusan skripsi https://t.co/uxrXekEETz,,hunter giveaway,0,0,0,easyakult
Wed Aug 30 04:01:39 +0000 2023,0,@sosmedkeras Lah skripsi dihapus. Mending ospek pak dihapus. Ada yg cm jd ajang balas dengdam ato skrg lg rame wat papermob ato apalah itu. Penelitian itu mah. Biar kebentuk kerangka berpikirnya. Klo dasar penghapusan cm relevansi dgn dunia kerja ya intinya pengen nyetak budak korporat aj,sosmedkeras,"Malang-Batu, Jawa Timur",0,0,0,gustussutsuga
Wed Aug 30 03:30:26 +0000 2023,141,Pak nadim penghapusan skripsi tesis dsb bisa dimulai dari besok aja g? Saia rasa2 kok saia dh mulai mual sampe ubun2 sama tesis ini ya hmz,,,0,1,1,anindira_nara
Mon Mar 25 15:03:42 +0000 2024,1,riwayat bimbingan skripsi di siakad um! bisa dihapus ga si tadi aku salah masukin bulan:(,,cra krim mfs? cek link‼️😠👉🏻,0,2,0,um_fess
Mon Mar 25 10:09:57 +0000 2024,0,@andrimauuu Memang ndri kalau tak salah bahkan dibikin meme pakai dapus mcm skripsi tp dah dihapus. Lg pula kan parsoc memang anonim dari dulu. Kalau sebut sumber berarti bisa ketahuan orang dibalik anonim itu kan? Udh bnyk sbtlny yg gerah dgn nhi tarok sumber tp tak sesuai dgn artikel,uuamirdna,"Kelapa Dua, Indonesia",0,1,0,Mhd_RidhoAF
Sun Mar 24 16:45:02 +0000 2024,0,Bentar sebenernya tuh skripsi jadi dihapus apa kaga sih,,,0,2,0,Hiyayata
Sun Mar 24 15:47:38 +0000 2024,1,@worksfess 1. Ya berdasarkan pengalaman kamu (jujur sih kalau gk ada pengalaman mending dihapus aja ) atau gk masukin aja skripsi kan skripsi nyari masalah yg kita liat trus buat RM dsbgnya maybe kadang ada yg ngasih solusi atau hanya membuktikan teori tsb salah/benar ,worksfess,,0,1,0,a_r_c_d_
Fri Mar 22 10:42:32 +0000 2024,1,bisakah aku berharap skripsi di tahun aku kuliah nnti dihapus dan gk jadi syarat lulus ,,🐟,0,0,0,ad0elchan
Wed Mar 20 22:19:53 +0000 2024,0,semoga skripsi dihapus Aamiin,,kepo ya? cek link,0,0,0,justlilysinbzi
Sun Mar 17 01:27:58 +0000 2024,0,@worksfess generasi cengeng - UN dihapus - skripsi tak harus - syarat pengalaman kerja minta dihapus - intervies tak harus. nantinya - kewajiban perusahaan harus dijalankan sesuai uu - jobdes harus jelas - gaji wajib naik,worksfess,Jakarta Capital Region,0,0,0,mstugu
Sat Mar 16 04:59:49 +0000 2024,0,@helihailey @bododahserah @collegemenfess Aku pernah nanya knp gaa dihapus aja katanya sudah tradisi wkekw btw aku nanya sama kaprodi ku wkwkwk -&gt; mohon maaf bukan songgong kaprodi ku juga ga suka ada kompree karena bikin lamaa ,,,0,0,0,fuckme1539583
Mon Mar 11 16:35:36 +0000 2024,0,@wave2niel semoga tahun depan skripsi dihapus dah,wave2niel,"🔞🏳️‍🌈 semi RPS, NSFW",0,0,0,jungjooisme
Fri Mar 08 03:20:28 +0000 2024,0,@tanyakanrl Nah kan bener dibunuh lah!! Bilangin juga apa UU ank dibawah umur itu dihapus aja! Mending ganti syariat Islam walaupun ekstrim tpi ga segininya,tanyakanrl,Indonesia,0,0,0,shihah_al
Thu Mar 07 16:57:35 +0000 2024,1,Bisa ga si skripsi dihapus ajaaa,,,0,2,0,emonnyet
Wed Mar 06 11:25:12 +0000 2024,0, mending sidang skripsi dihapus lalu apa parameter penentu anda benar benar sudah mendapat ilmu selama kuliah? oh ganti sama ujian lisan matkul dr semester 1 - akhir gitu asik berarti https://t.co/jtCWx7dF9n,,"Kudus, Indonesia",0,1,0,ProgJoki
Tue Mar 05 16:27:13 +0000 2024,0,bisa2nya indikator yg penting dihapus gua yg skripsi sama tesisnya neliti itu nangis aja lah,sogosagi,,0,1,0,sogosagi
Wed Feb 21 14:41:10 +0000 2024,1,gw pusing bgt cok ngadepin skripsi astaga plis bisa dihapus aja gasihh skripsi ini tolong,,surabaya ,0,3,0,prolllss
Wed Jan 24 16:42:20 +0000 2024,0,dosennya meni nggak mau nahan kamu nder:( kalau dosennya bibi aku pasti beliau yg bantu dan bahkan bisa aja buatin skripsi kamu. soalnya kmrn aja mahasiswanya kan ada yg autis nah si anak ituteh sebenenya suka ngerjain tp abis itu dihapus lagi gitu aja terus terusan.,,,0,1,0,noonandah
Tue Jan 23 16:23:43 +0000 2024,0,Bisaga skripsi dihapus anyinggg ak tidak sanggup membayangkan,,indonesia,0,1,1,humanauto_
Mon Jan 22 17:43:50 +0000 2024,0,@lucelyf_ Kabarnya kemaren skripsi dihapus tauuu,lucelyf_,dnf.,0,0,0,slaiiolay_
Sun Jan 21 23:21:05 +0000 2024,0,@collegemenfess Skripsi salah satu hal yg mengajarkan mahasiswa ttg Analytical Thinking bayangin kalo dihapus lulusan s1 jadi kek gimana?,collegemenfess,,0,0,0,elsinnmbre
Sun Jan 21 22:44:35 +0000 2024,0,@collegemenfess skripsi gausa dihapus si tp sidang aja hapus wkwk,collegemenfess,east blue ,0,0,0,shuaints
Sun Jan 21 17:01:35 +0000 2024,0,@radityaprkz Tahun depan skripsi dihapus pak!!,radityaprkz,,0,0,0,njellysh
Sun Jan 21 15:59:27 +0000 2024,0,@collegemenfess skripsi dihapus tapi jangan ada tambahan TA wkwk. kalo udah 144 sks ya udah lulus maafkan aku yang ngelunjak,collegemenfess,,0,0,0,onemorezaa
Sun Jan 21 14:02:41 +0000 2024,0,@collegemenfess Skripsi dihapus,collegemenfess,,0,0,0,apurplemacaron
Sun Jan 21 12:52:12 +0000 2024,0,@collegemenfess skripsi dihapus si kkn mah ada serunya berasa staycation wkwk,collegemenfess,,0,0,0,nsaaxx__
Sun Jan 21 10:50:59 +0000 2024,0,@collegemenfess Skripsi dihapus lhaaa plis,collegemenfess,,0,0,0,SesNiAa1
Sun Jan 21 10:50:40 +0000 2024,0,@collegemenfess Skripsi aja gak sih yang dihapus,collegemenfess,,0,0,0,chaerishsh
Sun Jan 21 10:36:04 +0000 2024,0,@collegemenfess Skripsi dihapus,collegemenfess,,0,0,0,xxparkjongseong
Sun Jan 21 10:31:47 +0000 2024,0,@collegemenfess skripsi dihapus sii kkn tuh seru!!,collegemenfess,,0,0,0,xqzyca
Sun Jan 21 10:07:40 +0000 2024,1,Akulah si angkatan 2020 itu yang udah capek2 kelas tambahan eh UN dihapus yang tahun lalu udah sempro tau2 skripsi dihapus. Dahlah,,,0,3,0,notulenjamet
Sun Jan 21 10:07:35 +0000 2024,0,Skripsi dihapus bisa gila gue lama2: ),,kep1verse,0,0,0,yujinsite
Sun Jan 21 10:06:48 +0000 2024,0,@collegemenfess sudah jelas skripsi kkn seru ga usah dihapus,collegemenfess,,0,0,0,itsistiiii
Sun Jan 21 09:45:05 +0000 2024,0,@collegemenfess ngga ada yg dihapus si hapuskan aja dosen dosennyg mempersulit proses skripsi :D,collegemenfess,,0,0,0,jeonhowls
Sun Jan 21 09:43:13 +0000 2024,0,@collegemenfess skripsi dihapus wkwk,collegemenfess,Earth♥,0,0,0,indahanaaa
Sun Jan 21 09:14:15 +0000 2024,0,@collegemenfess skripsi dihapus anjir,collegemenfess,she/her,0,0,0,anotherchihiro
Sun Jan 21 09:10:09 +0000 2024,0,@collegemenfess skripsi lah dihapus kkn ga seburuk itu plss kelompoku seruu lingkungannya jg ok bgt. boros engganya kkn tergantung lu bisa ngatur pengeluaran harian &amp; main apa ngga trs jg gausa bikin proker yg ngeluarin duit banyakk,collegemenfess,,0,0,0,ziiyyeah
Sun Jan 21 09:07:12 +0000 2024,0,skripsi dihapus wkwk karna ak udah ga kkn,,,0,0,0,crxeta
Sun Jan 21 09:00:30 +0000 2024,0,@collegemenfess skripsi dihapus,collegemenfess,,0,0,0,eyesknowslips
Sun Jan 21 08:53:59 +0000 2024,0,@collegemenfess skripsi ga harus dihapus si menurutku cuma jangan dipersulit aja gitu kkn juga biasa ajaa si cuma karena sebulan doang jd ngerasa gaada bawa dampak apa apa ke warga dan jatohnya cuma formalitas,collegemenfess,🌱,1,0,0,kenapasiiy
Sun Jan 21 08:30:56 +0000 2024,0,@collegemenfess skripsi dihapus sih kt gue,collegemenfess,,0,0,0,niskalaelin
Sun Jan 21 08:14:38 +0000 2024,0,@collegemenfess SKRIPSI DIHAPUS LAH,collegemenfess,"Bandung, Jawa Barat",0,0,0,pmgnia
Sun Jan 21 08:10:53 +0000 2024,0,@collegemenfess skripsi dihapus!,collegemenfess,"Dubai, United Arab Emirates",0,0,0,aishakhiell
Sun Jan 21 07:51:51 +0000 2024,0,Skripsi dihapus ,,,0,0,0,liljiesungiee
Sun Jan 21 07:48:38 +0000 2024,0,@hrly_jo @collegemenfess Sayangnya skripsi gak dihapus hanya bisa diganti dengan opsi lain ,hrly_jo,,0,1,0,_qwerty_komen
Sun Jan 21 07:35:54 +0000 2024,0,@collegemenfess skripsi dihapus lah pake nanya,collegemenfess,Pluto,0,0,0,page_ev_
Sun Jan 21 07:32:10 +0000 2024,0,skripsi dihapus pun gantinya risdok alias SAMA AJA ,,Indonesia,0,0,0,aphr0ditegurl
Sun Jan 21 07:30:54 +0000 2024,0,@collegemenfess skripsi dihapus,collegemenfess,,0,0,0,imbabygvrl
Sun Jan 21 07:01:43 +0000 2024,61,@collegemenfess Skripsi dihapus. Soalnya klo KKN bisa rekognisi ,collegemenfess,"Semarang, Jawa Tengah",0,0,0,naiforger
Sun Jan 21 06:57:41 +0000 2024,0,@collegemenfess Skripsi dihapus bcz kampusku ga ada kkn wkwk,collegemenfess,,0,0,0,palemtiga
Sun Jan 21 06:48:48 +0000 2024,0,@collegemenfess Kkn dihapus. Karena ngga semua punya dana turlap sendiri apalagi kalo sistem reimbursement. Kalo skripsi kita fokus ke penelitian ya toh objek penelitiannya juga ngga jauh dari pengabdian pada masyarakat kok malah udah mencakup tri dharma perguruan tinggi imo,collegemenfess,"DKI Jakarta, Indonesia",0,0,0,plapoyyy
Sun Jan 21 06:46:11 +0000 2024,0,@collegemenfess Skripsi dihapus soalnya aku gak kkn,collegemenfess,human diary,0,0,0,mamamdimsum
Sun Jan 21 06:39:17 +0000 2024,0,@collegemenfess Skripsi dihapus,collegemenfess,"Gwacheon-si, Republic of Korea",0,0,0,R_Giyeok
Sun Jan 21 06:19:26 +0000 2024,0,@collegemenfess Dikampusku ngga ada KKN aku sih ngga masalah sama skripsi. Malah excited ngga tau nanti ngerjainnya gimana semoga kelar tepat waktu karena ngga perlu ada yang ditakutkan sebenarnya. Anjay Tapi kalo disuruh milih maybe lebih milih KKN dihapus ,collegemenfess,ONLY JIKOOK — 5813♡ ,0,3,0,helene_elkoomii
Sun Jan 21 06:14:08 +0000 2024,0,@collegemenfess kkn dihapus skripsi jg dihapus tp pas sidangnya aja jd ttp bikin skripsi tp gausah sidang,collegemenfess,her ,0,0,0,paradisenthu
Sun Jan 21 06:08:38 +0000 2024,0,@collegemenfess Skripsi dihapus lah,collegemenfess,caratland,0,0,0,Parksubak_
Sun Jan 21 05:58:00 +0000 2024,0,soalnya kalo misal skripsi dihapus gue pasti bisa lulus tepat waktu ,fallincats,,0,0,0,fallincats
Sun Jan 21 05:52:25 +0000 2024,0,@collegemenfess Skripsi dihapus,collegemenfess,bita's whole universe,0,0,0,crescentiism
Sun Jan 21 05:31:53 +0000 2024,0,@collegemenfess Skripsi dihapus.,collegemenfess,,0,0,0,nebulnv
Sun Jan 21 05:29:25 +0000 2024,0,@collegemenfess Skripsi dihapus ganti sama report atau project gt aja kl bisa,collegemenfess,,0,0,0,maioonice
Sun Jan 21 05:22:07 +0000 2024,1,@collegemenfess Mending kkn dihapus si soalnya kalo skripsi di hapus karena kampus gue seni jadi penggantinya lebih ga masuk akal. Dan mending TA aja sama Skripsi lah bjirrr gpp stress dikit daripada stress bangetttt,collegemenfess,,0,0,0,greentealemoon
Sun Jan 21 05:16:38 +0000 2024,0,@collegemenfess Skripsi dihapus lah,collegemenfess,,0,0,0,justlivemylaif
Sun Jan 21 05:02:37 +0000 2024,32,@collegemenfess kkn dihapus ga penting. yang diuji skripsi ngapain harus kkn.,collegemenfess,"morayah, moriah, mijn liefje.",0,0,3,soejagat
Sun Jan 21 04:56:55 +0000 2024,0,@collegemenfess skripsi dihapus,collegemenfess,Indonesia ,0,0,0,vincereautmorie
Sun Jan 21 04:55:20 +0000 2024,0,@collegemenfess skripsi dihapus,collegemenfess,21 | Undergraduate Law Stud,0,0,0,alepaeth
Sun Jan 21 04:43:36 +0000 2024,351,@collegemenfess kkn dihapus. segreget-gregetnya gua sama skripsi mnurut gue itu emg krusial buat scholars. apalagi yang mau lanjut ke master degree. imo there are more ways to help small villages in indonesia rather than just sending random young scholars to live together for a month idk.,collegemenfess,23 y.o,1,4,26,helpimjusttired
Sat Jan 20 04:45:14 +0000 2024,0,@lidamaulidash Soal skripsi ini juga menarik deh. Kenapa teh lida lebih pro skripsi dihapus? Di sisi lain orang-orang bilang ini tuh jadi momen paling baik buat melatih berpikir secara komprehensif terstruktur dan ilmiah. Atau emang ya gak perlu aja kecuali buat mereka yg mau jd saintis?,lidamaulidash,Bekasi,0,1,0,rizqonafi
Thu Jan 18 14:56:07 +0000 2024,0,Skripsi bisa dihapus aja gak.,,"Him, Kefasha Ethan Rahardian.",0,2,0,hoyongitis
Thu Jan 18 09:37:45 +0000 2024,32,ugm_fess kalo jumlah sks lebih dari 144 tuh boleh ga ya? (misal sampe 160-an sks sampe skripsi) itu nanti perlu ada yang dihapus ga ya? atau gimana? please need infonya. btw aku dr vokasi yaa,,RULES,1,14,0,UGM_FESS
Thu Jan 18 00:09:16 +0000 2024,1,@direktoridosen tapi ya mindos keknya memang ada orang yg ditakdirkan hebat dalam penelitian tp jeblok dalam kerja real life dan sebaliknya skripsi ajur ajuran tapi kerja selalu top diatas jadi saya setuju skripsi dihapus diganti jdi opsional saja ,opicksz,,0,0,0,opicksz
Wed Jan 17 14:00:33 +0000 2024,0,skripsi boleh dihapus aja gk si,,jaehyun,0,0,0,lovingjjh14_
Wed Jan 17 12:07:32 +0000 2024,9,1. Laptop. buat tunjukin progres skripsi kamu (ini jaga2 takutnya si dosen ngelak itu bukan 100% bikinan kamu dan kamu cuma bantu2 dikit) 2. Tunjukin chat km sama dosenmu. SS kalo bisa takutnya dihapus sama dianya 3. Ss skripsi kamu yang diterbitin dosen tsb,,,0,0,0,dprloeys
Sun Jan 14 18:32:30 +0000 2024,4,bisa gak si ya ini para capres menjanjikan skripsi dihapus aja ,,she/her,0,3,1,marjorify
Sun Jan 14 12:02:02 +0000 2024,0,Minimal nama mantan dihapus dlu ga si dari skripsi,,,0,0,0,Jxxvkims
Sat Jan 13 13:03:03 +0000 2024,0,Riwayat Joki Tugas Daftar Pustaka (dafpus) + Sitasi Menggunakan Mendeley Untuk Skripsi *file akn dihapus setelah pengerjaan untuk keamanan dan kenyamanan bersama kiw https://t.co/nUnwvFoATo,izzcapt,,0,1,0,izzcapt
Fri Jan 12 15:16:37 +0000 2024,1,@collegemenfess Enak aja dihapus..skripsi seru tauuu,collegemenfess,Indonesia,0,0,0,sizukaarigato
Thu Jan 11 15:28:31 +0000 2024,0,@ub_mfs Nanti kalo udah sampai ending menjelang skripsi bakal dihapus nilai itu. Transkrip akhirmu bakal ditulis nilai tertinggi.,ub_mfs,,0,0,0,Yukikaze_D_
Thu Jan 11 08:59:35 +0000 2024,2,@collegemenfess Skripsi kan udh dihapus yak? Tp y tetep aje sih sebenernya bukan masalah ke skripsinya tapi SIDANGNYA ALAHUMMMM tolong lah bisa gk sih kumpul skripsi gk ush acara revisi sidang langsung lulus gitu loh wkwk,collegemenfess,,0,0,0,LalaLilili1510
Thu Jan 11 00:01:24 +0000 2024,4,@gwc4kepp kayaknya bener deh skripsi dan semacamnya tuh mending dihapus aja,gwc4kepp,oslo,0,0,0,abecdfghaja
Tue Jan 09 03:10:30 +0000 2024,0,@tanyakanrl cek recycle bin. coba recover data yg dihapus dari penyimpanan kalau gatau caranya coba dibawa ke tukang reparasi. kalau memang amblas minta ganti rugi wkwkwk. gamau tau. aku gaakan segampang itu memafkan. skripsi bukan tugas harian yg bisa segampang itu dibuat lagi.,tanyakanrl,,0,0,0,ven___ny
Mon Jan 08 10:37:15 +0000 2024,1,@Deapokoknya @collegemenfess boro2 sidang smt 7 skripsi yg udh diambil smt 7 aja dihapus dan disuruh ambil smt 8 wkwkwkwk,Deapokoknya,revisi,0,1,0,lintrover
Mon Jan 08 07:28:26 +0000 2024,9,@unnesmenfess Ngaruh nder tapi sementara. Nanti klo nilaimu udh keluar yg skripsi bakal di equivalent kan. Jadi nilai skripsi yg dismt 7 ibaratnya bakak dihapus diganti make skripsk yg ada nilainya di smt berikutnya,unnesmenfess,New Asgard,0,1,0,hpyzzz
Wed Jan 03 05:18:47 +0000 2024,0,@hitamanisss_ @karirspace Malah sekarang skripsi mau dihapus total,,Mars,0,0,0,TheThanos_100
Tue Jan 02 13:33:26 +0000 2024,0,Btw katanya skripsi anak kuliahan bakal dihapus ya? (Berita lama) Tapi ntar pas skripsian udah gak ada disuruh ngerangkai pesawat wkwkwkkw,,not everywhere ,0,0,0,UzumakiNarutoou
Sat Dec 30 14:21:18 +0000 2023,6,@collegemenfess Bacot nder gue yg udah lulus jalur skripsi ga trima kalo skripsi dihapus.,collegemenfess,"Banyumas, Indonesia",0,0,0,foxygwwk
Wed Dec 06 14:23:08 +0000 2023,0,Aku merasa yang namanya skripsi lta thesis harus dihapus dari dunia ini,,,0,1,0,nandhaftrrr
Sun Dec 03 08:37:34 +0000 2023,13,@Anak__Ogi @kompascom Kalau sekiranya skripsi sulit untuk diselesaikan oleh yg mulia Gabrin bukan tak mungkin skripsi akan dihapus dr kewajiban lulus mahasiswa. Kalau MK saja bisa ditabrak apalagi ini yg hanya pergub ,Anak__Ogi,"GeoFront, New Tokyo-3 City",0,2,0,masjalu_17
Sat Dec 02 11:48:41 +0000 2023,2,bisakah skripsi dihapus?,,"Central Java, Indonesia",0,6,0,hawlfav
Thu Nov 30 11:21:11 +0000 2023,0,bisa ga sih ini skripsi dihapus aja dari peradaban,,,0,0,0,kageyuuko
Sun Nov 26 12:03:11 +0000 2023,0,sidang skripsi dihapus,,Stayville,0,1,0,fashanjis
Wed Nov 01 05:30:14 +0000 2023,0,@luc4sykes Lah skripsi gajadi dihapus?,luc4sykes,,0,1,0,hyloveyouuu
Tue Oct 31 08:48:11 +0000 2023,0,@zaskibukan kalo menurutku pribadi sih aku sangat setuju yaa karena setiap orang memiliki potensi nya sendiri jadi skripsi mungkin bisa dijadikan salah satu opsi kelulusan namun tidak sepenuhnya dihapus. Finanda Putri Arindra /21043010219,zaskibukan,,0,0,0,finandaap
Tue Oct 31 07:46:38 +0000 2023,1,@annisazafanas_ Setuju aja tetapi kalau skripsi dihapus perlu di pertimbangkan lagi dampaknya bakal kayak gimana karena skripsi kalau di hapus akan menimbulkan hal yang baru untuk angkatan yang mengalami pembaruan tersebut.,annisazafanas_,"Sidoarjo, Indonesia",0,0,0,Andri67890941
Tue Oct 31 07:01:57 +0000 2023,0,@annisazafanas_ sbnernya setuju sii dengan adanya skripsi dihapus apalagi ada penggantinya yaitu tugas akhir ya semisal seperti itu gapapa yg penting diganti oleh tugas akhir atau project yg lebih bermanfaat bagi masyarakat sekitar. tanpa mengurangi nilai pendidikan di Indonesia.,annisazafanas_,,0,0,0,rzkcw20
Tue Oct 31 07:01:33 +0000 2023,0,@annisazafanas_ Menurutku kalo skripsi dihapus harus dikaji terlebih dahulu sih dan harus ada pengganti yang setara atau lebih dari yang sebelumnya karena selama ini skripsi menjadi tolak ukur mahasiswa layak atau tidak dalam mendapatkan gelar yang sesuai dengan jurusannya.,annisazafanas_,,0,0,0,_ericraynaldo
Tue Oct 31 06:52:26 +0000 2023,0,@annisazafanas_ sebenernya oke sih kebijakan ini poinnya kan bukan skripsi dihapus tapi ada pengganti yang bisa jadi opsi buat kelulusan. bisa menguntungkan juga sebenernya dari sisi mahasiswa karena jadi lebih bisa tunjukin kemampuan mereka lewat project atau opsi2 pengganti lainnya,annisazafanas_,,0,0,0,tiaraaputrii11
Tue Oct 31 06:49:17 +0000 2023,0,@annisazafanas_ Saya pribadi merasa fine jika skripsi dihapus dan diganti tugas akhir sesuai keilmuan nya masing². Hanya saja ada sesuatu yang mengganjal dan rasanya seperti mengirimkan tentara tanpa senjata ke medan perang mengingat kemampuan menulis di Indonesia masih rendah,annisazafanas_,"Sidoarjo, Indonesia",0,0,0,achmddhany
Tue Oct 31 06:05:18 +0000 2023,0,@annisazafanas_ Kalau skripsi dihapus prodi atau fakultas harus rencanain form pengganti skripsi dan standar kelulusannyang adil buat setiap mahasiswa si. Kalo nama doang yang ganti si sama aja ya,annisazafanas_,Indonesia,0,0,0,pastachiooo
Tue Oct 31 05:08:44 +0000 2023,1,@annisazafanas_ Bener-bener merdeka belajar yaaa ;) melihat bagaimana mahasiswa punya skill dan keahlian berbeda-beda aku setuju sih jika syarat kelulusan ditambah (tidak hanya skripsi). Tapi kalau skripsi dihapus ini keputusan besar yg bener-bener harus dikaji utk penyesuaian.,annisazafanas_,,0,0,0,netanyaaak
Tue Oct 31 04:20:07 +0000 2023,0,@annisazafanas_ Agak bingung tapi setuju aja kalau skripsi dihapus dan diganti dengan penilaian lainnya yang diserahkan pada prodi.,annisazafanas_,,0,1,0,NurvaFeri
Mon Oct 30 16:56:22 +0000 2023,1,@ekvkul_ Problemnya bukan di skripsi sih imo ketimbang dihapus better kasih opsional untuk bisa memilih ujian akhirnya dalam bentuk apa sesuai arah si mahasiswa. Jd lebih merdeka memilih sesuai jurusannya bisa skripsi proyek penelitian dll sesuai kebijakan kampus dan kaprodi. Cont..,ekvkul_,,0,1,0,annisameliaaa_
Fri Oct 27 15:23:18 +0000 2023,0,Klo buat exo yang minimalis tapi ga macam judul skripsi juga keles coba tu tulisan d bawahnya dihapus ma tulisan coming soon di hapus .. kebayang ya betapa SG ini dibuat dengan gaya minimalis yg luar biasa dadakan dan tanpa konsep https://t.co/XFoDdONYS9,,,0,0,0,KyoongBkai
Fri Oct 27 14:15:19 +0000 2023,0,@binus_fess Skripsi dihapus.... Sebagai gantinya ntar lulus harus bikin perusahaan sendiri,binus_fess,,0,0,0,asearene
Thu Oct 26 16:00:15 +0000 2023,2,Bisa gak sih skripsi dihapus aja bener² udah gak kuat udah muak udah capek duluan.. Tolong pak mentri pendidikan pikirkan mental kita mahasiswa tua juga,,,0,0,0,WillisYokmal
Thu Oct 26 04:30:00 +0000 2023,3,Braw! tau ga skripsi yang dipake jadi syarat wajib kelulusan udah dihapus karena adanya kebijakan Merdeka Belajar? Nah bisa banget nih dateng di acara Ngobrol Pintar Topik Terkini (NGOPINI) yg diadain Baris FISIP Jumat ini braw jam 13:00 di gazebo B Fisip https://t.co/WAZFvTJ53P,,"Malang, Jawa Timur",0,0,0,ubsansfess
Wed Oct 25 09:48:59 +0000 2023,2,[opsi lain] pengumuman bagi mahasiswa musikologi telah diputuskan bahwa skripsi akan dihapus. sebagai gantinya anda disilahkan mencari bukti apakah benar salieri pembunuh mozart. (kriminologi musik),rachmaninqff,she/her ,0,1,0,rachmaninqff
Wed Oct 25 03:14:44 +0000 2023,0,@cheiquitta Bisa kak kalo mau dibuat valid. Tapi sebenernya gapapa ada yg ga valid krn yg ga valid ntar dihapus kak itemnyaa,cheiquitta,"Bandung, Jawa Barat",0,1,0,cipaachups
Tue Oct 24 13:25:47 +0000 2023,0,@kegblgnunfaedh masalahnya itu akun game juga buat dia nyari duit emang koplak banget ceweknya ibarat kayak skripsi udah cape2 ngerjain terus dihapus and bilang prank ga mungkin kalo ga ngamuk.,kegblgnunfaedh,"Inazuma, Teyvat",0,0,0,thurstonriver
Tue Oct 24 12:18:08 +0000 2023,0,Sbenernya skripsi jadi dihapus kgk si,,,0,1,0,maskerasahi
Mon Oct 23 14:04:35 +0000 2023,0,@HabisNontonFilm ngomongin soal ingatan ingatan waktu mau bimbingan skripsi itu paling pengen dihapus sih saking ga fokus karna masih pagi buru2 jalan cepet sampe ga ngeh didepan bukan pintu akhirnya nabrak kaca bening sakitnya ga seberapa sih tapi malunya euy untung ga ada orang disitu wkwk,HabisNontonFilm,62,0,0,0,from_arin
Sun Oct 22 04:07:01 +0000 2023,0,@collegemenfess tolong skripsi jangan dihapus ini bikin pada rajin bersih2 ,collegemenfess,,0,0,0,nonomaden
Sat Oct 21 13:37:11 +0000 2023,1,Giliran skripsi dibatesin max 75 hal bingung yg mau dihapus yg mana,,,0,1,0,coklatchewy
Fri Oct 20 13:42:41 +0000 2023,2,@collegemenfess Jurusan gizi : skripsi dihapus tapi harus menghilangkan stunting di Indonesia ,collegemenfess,"East Java, Indonesia",0,0,0,dikhoww
Fri Oct 06 06:15:59 +0000 2023,0,Skripsi Dihapus dan Kisah-kisah yang Tercecer https://t.co/0Be1aU82iu,,,0,0,0,Belajar101
Wed Oct 04 00:13:27 +0000 2023,0,ini sih. apalagi klo skripsi dihapus apa kabar karya ilmiah kita di luaran sana ntar ,,,0,0,0,lopmoons
Tue Oct 03 11:51:25 +0000 2023,0,Setuju skripsi dihapus atau tugas akhir jadi penelitian tingkah laku Satria podcast? tugas akhir penelitiannya neliti lagu exile smp hati teriris iris https://t.co/alm2LFwfJk,,#CeaseFireNOW,0,0,0,ruthevier
Tue Oct 03 08:31:24 +0000 2023,0,Kalo menurut kamu penting gak sih adanya PTS ini atau mending ikutan dihapus aja kayak skripsi?,SkollaOnline,Jakarta,0,0,0,SkollaOnline
Sun Oct 01 07:10:46 +0000 2023,0,@kathyarchive Ayo kita demo agar skripsi dihapus ,kathyarchive,Katsuki's rant,0,0,0,watdefakbjirr
Wed Sep 27 13:41:17 +0000 2023,1,meskipun masih maba gue bingung kalo skripsi dihapus gue lulus pake apaan..,,acel si axel,0,3,0,biteome
Mon Sep 25 13:16:10 +0000 2023,1,Gk akan semangat sebelum ada berita skripsi resmi dihapus ,,,0,0,0,antlia_aquila
Mon Sep 25 03:44:56 +0000 2023,0,akan kucantumkan jake dan hiseng tapi lebih baik skripsi dihapus,,周翊然 ♡,0,1,0,fairyous
Mon Sep 25 00:24:43 +0000 2023,1,@collegemenfess kampusku bisa. cmn aku agak agak lypa syaratnya gimana. mnurutku ya kl denger isu2 kmrn tuh skrg keknya malah akan banyak yg non skripsi krn pak nadiem waktu itu bilang skripsi dihapus (tergantung kebijakan kampus),collegemenfess,Random,0,0,0,rarajuseyook
Sun Sep 24 10:37:44 +0000 2023,1,@jdojaedo Bisa jadi judul skripsi gak sih. Eh lupa skripsi udah dihapus ya ,jdojaedo,Indonesia,0,1,0,pinkieshbunny
Sat Sep 23 11:32:36 +0000 2023,17,Memasuki pekan pertama semester 5 jadi agak hethic yah dengan deadline tugas rencana² tugas yang kedepannya akan diberikan kemudian mikir judul skripsi yang entah akan dihapus atau tetap ada wkwkwk. Jadi mohon maaf semuanya kalau jarang tweet tapi tetep rutin like tweet https://t.co/VPVlH7CMvR,,Take the time to read a book.,0,4,2,rizkysptra_id
Sat Sep 23 10:58:36 +0000 2023,0,bestay bestay tongkrongan ngobrolin skripsi dihapus trus ngetawain hee https://t.co/8ovDIrqoYX,,anomali ngumpet kolong kasur,0,0,0,mrs2psh
Fri Sep 22 09:50:03 +0000 2023,0, guys emang bener skripsi mau dihapus?,,Indonesia,0,4,0,tanyakanrl
Fri Sep 22 09:47:09 +0000 2023,2,#Skripsi dihapus transformasi di dunia akademik! ‍#OpenDataJabar #LebihDariData https://t.co/DiGc0GM3KN,,"Bandung, Jawa Barat",0,0,0,jabardigital
Fri Sep 22 09:43:34 +0000 2023,0,Baru download bumble udh dihapus lg dahlah paling bener nolep sm skripsi lg aja,,,0,0,0,idkmaybeuknow
Fri Sep 22 07:10:02 +0000 2023,0,@collegemenfess pantes koar2 minta skripsi dihapus bukan krna sulit tp emang dasarnya makhluk2 males mikir males gerak males berupaya,collegemenfess,,0,0,0,noturunclee
Wed Sep 20 11:37:40 +0000 2023,0,@afrohoktaviani @tanyakanrl Jangan dihapus biarin aja,,"Yogyakarta, Indonesia",0,0,0,hokytoefl
Tue Sep 19 23:55:24 +0000 2023,0,@kompascom terlanjur malas mikir kelamaan dijajah belanda bahkan UN sbg standarisasi pengetahuan dihapus dg berbagai alasan. skripsi pun dihilangkan. karena targetnya dunia kerja yg artinya hanya melaksanakan perintah bukan inovasi.,kompascom,Jakarta Capital Region,0,0,0,mstugu
Tue Sep 19 07:39:44 +0000 2023,0,Riwayat Joki Daftar Pustaka+Sitasi Menggunakan Mendeley Sekaligus Daftar Isi Daftar Tabel Daftar Gambar (untuk skripsi) *file dijamin kerahasiaannya karena akan dihapus setelah pengiriman dan konfirmasi tdk ada revisian. https://t.co/1Pbdqy3SvB,izzcapt,,0,0,0,izzcapt
Mon Sep 18 15:30:55 +0000 2023,2,@aprilboyhwa Skripsi ga dihapus kok lebih ke optional pas aku baca kmrn itu cmiiw Jadi lek mentok ga ada yang di ACC Yah jalan terkahir skripsi,aprilboyhwa,choi san number one,0,1,0,toufuyum
Mon Sep 18 14:52:41 +0000 2023,2,Beneran penasaran klo skripsi dihapus bakal diganti apa? Kerja project kaya diluar negeri gt?,,free free palestine ,0,3,0,aprilboyhwa
Mon Sep 18 13:25:37 +0000 2023,1,@tanyakanrl Tanpa kardus mah bisa² ajah nder. Udah jual ajah ke mahasiswa2 gitu. Ada deh yang butuh dan mau bayarin. Data skripsinya saranku sih kamu copy kemana dulu terus kamu bilang ajah udah dihapus. Nanti pas sepupumu lagi ngerjain skripsi dan udah mau sidang,tanyakanrl,unknown,0,1,0,momogimogimogi
Mon Sep 18 10:54:14 +0000 2023,3,@Sociolanes Mentingin skripsi dan ngejauhin pacar yg toxic. Gara2 si pacar skripsi jadi gak smangat. Akhirnya molor smpai semester 9 sedihnya adalah wktu itu CPNS guru otw dihapus ,Sociolanes,,0,0,0,icalPBSI15
Sun Sep 17 20:09:08 +0000 2023,0,@undipmenfess ditunda aja nder sampe skripsi dihapus beneran,undipmenfess,Semarang,0,0,0,permahasiswaan
Sun Sep 17 04:58:31 +0000 2023,1,Gapapa deh skripsi ga dihapus tapi sidang sama revisinya aja yg dihapus ,,,0,1,0,shiraumi_
Sun Sep 17 04:50:54 +0000 2023,0,Bin km tau gak skripsi mau dihapus tapi gantinya penelitian sesuai sama jurusan masing-masing yang padahal mah SAMA AJA,,,0,1,0,igosimasye
Sat Sep 16 13:09:21 +0000 2023,53, Skripsi mau dihapus. Skripsi gk perlu dihapus karena itu tanda mahasiswa menguasai gk sih apa yang dipelajari selama ini (terlepas dari joki skripsi). Sebenarnya yang harus dilakukan adalah membina para dosen jangan sok sibuk sengaja jadi killer mempersulit dst.,,,1,0,17,lifewith_sunnah
Sat Sep 16 11:23:15 +0000 2023,0,@tanyakanrl Kalo skripsi nya dihapus menurutku gak ngaruh sih kalo sepupu mu punya file skripsi di hp nya,tanyakanrl,,0,0,0,ndutt_mbak
Sat Sep 16 04:12:23 +0000 2023,0,Setuju skripsi dihapus atau tugas akhir jadi penelitian tingkah laku Satria podcast? Mending skripsi aja. https://t.co/ec5KLyY5l8,,Beatrice M. J,0,1,0,diorache
Sat Sep 16 03:01:01 +0000 2023,0,Skripsi dihapus itu mentri pendidikan emang berapa banyak nerima dosen yang praktisi yang memang paham temtang bidangnya secara praktik tidak hanya teori ? Emang sudah memberikan berapa banyak pelatihan dosen sertifikasi ? Cuma nanya ga nuntut kok ,,dalam do'a ibu bapak ku,0,0,0,dindinsajida
Sat Sep 16 02:59:50 +0000 2023,1,@tanyarlfes Semua sibuk mengatur tentang ujian mereka lupa tentang seperti apa proses pembelajaran UN dihapus skripsi dihapus sekarang pilihan ganda dalam Soal pun mau dihapus tapi lupa soal sekolah mana yang lab bahasanya ga lengkap fasilitas olahraganya gimana lab kimia biologi ?,tanyarlfes,dalam do'a ibu bapak ku,1,0,0,dindinsajida
Fri Sep 15 19:43:29 +0000 2023,1,@MinmonPS7 Jangan sampe Indonesia menurunkan standar ideal ketika UNBK dan skripsi mau dihapus jangan sampai pilih presiden juga tanpa uji materi dan asah otak,MinmonPS7,"Jawa Barat, Indonesia",0,0,0,aoeliaRF
Fri Sep 15 16:22:18 +0000 2023,1,@ciiikal @dickdutz @tanyakanrl Lah? Skripsi dihapus mah masih bisa ngerjain ulang Memori masa lalu dihapus emang bisa dibalikin lagi?,ciiikal,,0,0,0,pororopoby
Fri Sep 15 14:46:16 +0000 2023,8800,@tanyakanrl Bisa dihapus skripsinya. Tapi simpan backupnya. Basically trying to be a better person than your cousin. Beri efek jera dengan kasih tunjuk kalo skripsinya dihapus. Kalo dia bisa negbalikin HPnya baru nanti skripsinya dibalikin. Karena kayaknya kalo kehilangan skripsi itu,tanyakanrl,"Jakarta Selatan, DKI Jakarta",20,42,298,dickdutz
Thu Sep 14 12:29:53 +0000 2023,0,@mildloiner skripsi dihapus tp anak kesmas disuruh cari metode penyuluhan untuk mengatasi penyebaran penyakit backburnerngitis di masyarakat,bonboloni,"ㅤ
ㅤ
tis account was made with love. but don't fall too deep, early warning that she wither easily.

©All right served, 𝐂𝐀𝐑𝐀𝐍𝐀𝐌𝐄𝐋.
ㅤ
ㅤ",0,1,0,bonboloni
Thu Sep 14 04:15:47 +0000 2023,0,bodoamat skripsi mau dihapus juga,,,0,2,0,xugga_
Wed Sep 13 21:06:42 +0000 2023,2,eh tapi katanya skripsi mau dihapus boleh deh...?,xhangmin,fan-account.,0,0,0,xhangmin
Wed Sep 13 11:46:32 +0000 2023,1,@tanyakanrl gue kalo jd dia mati lgsg anj file skripsi dihapus ,tanyakanrl,,0,0,0,amartaspunk
Wed Sep 13 09:32:58 +0000 2023,0,@tanyakanrl Ditunggu kelanjutan ceritanya jadi dihapus file skripsi lalu dijual laptopnya atau hp nya balik lagi?,tanyakanrl,,0,0,0,Me_asbear
Wed Sep 13 07:03:49 +0000 2023,1,Jadi skripsi itu tuh bukannya dihapus temen². Melainkan bentuk tugas akhir yang menjadi syarat kelulusan tidak harus skripsi. Jadi nanti yang diubah itu bentuknya yg bisa beragam dan itu diserahkan pada masing² kampus dan prodinya. Jadi jgn salah paham ya gaiss ,TIKPNJ,Gedung AA PNJ,0,1,0,TIKPNJ
Wed Sep 13 07:03:48 +0000 2023,3,[ WEEKLY NEWS ] Hai Teman TIK! Udah denger kabar terbaru belum nih tentang skripsi? Bener ga sih kalo skripsi itu bakal dihapus? Hmmm dari pada penasaran yuk cek faktanya di thread ini! A THREAD,,Gedung AA PNJ,0,1,0,TIKPNJ
Tue Sep 12 15:05:38 +0000 2023,0,@hiitsme_err Itu kita belum lulus yaa? Gak akan deh masalahnya kampus yang biasanya ada skripsi aja mau dihapus jadi gak ada skripsi.,hiitsme_err,"she, 22.",0,1,0,iwannabesucces
Tue Sep 12 14:36:48 +0000 2023,0,@JUWIxZOM Kan skripsi dihapus clem,juwiidal,^._.^ฅRAYAAAAA.,0,1,0,sungchandal
Tue Sep 12 14:03:15 +0000 2023,1,@tanyakanrl ambil alih aja laptop nya terus dihapus file skripsi nya,tanyakanrl,"DKI Jakarta, Indonesia",0,0,0,naezeerra
Tue Sep 12 12:33:04 +0000 2023,1,@tanyakanrl Wah laptopnya dijual aja nder tp sblm itu file skripsiannya dihapus semua trus pasti drive atau emailnya masih nyimpen semua data skripsi hapus juga tuh...,tanyakanrl,Indonesia,0,0,0,adindap_din
Tue Sep 12 11:28:06 +0000 2023,1,@tanyakanrl siap siap muncul menfess org tersakiti krn file skripsi dihapus sodara. kalo beneran ada fix berarti sodaramu lagi playvict,tanyakanrl,,0,0,0,baekhywune
Tue Sep 12 08:01:06 +0000 2023,0,Gue paham perasaan sendernya bukan masalah merk hp atau apa itu masalah perjuangan beli hp nya pake duit sendiri gaji pertama pula. Jangan lupa file skripsi nya dihapus nder habis itu dijual awokwok,,"East Java, Indonesia",0,0,0,kakakgopal
Mon Sep 11 22:38:16 +0000 2023,2,@manyflaw bukane skripsi dihapus. ,langitfavor,"Surakarta, Jawa Tengah",0,1,0,sitopeq
Mon Sep 11 16:19:36 +0000 2023,1,Ini sendernya coba balik lagi pas lo udah di semester 8 apa masih bilang DOANG soal skripsi Eh tapi skripsi jadi dihapus gak si? Kalo jadi mah yaudah deh karepe anjirt,,,0,0,0,teumenori
Mon Sep 11 15:40:52 +0000 2023,0,@skydrieds Katanya kan skripsi mau dihapus ya? Anak HI gantinya disuruh bikin korsel ama korut damai gws.,skydrieds,whatsapp ➡️,0,1,0,moirce
Mon Sep 11 13:41:19 +0000 2023,1,@scanofreality Skripsi dihapus populasi Jakarta yang bikin stasiun krl membludak tiap jam pulang kantor,_scanofreality_,"Jakarta Selatan, DKI Jakarta",0,0,0,projekrr
Mon Sep 11 13:30:21 +0000 2023,1,@tele_kawe Kamu pasti bisa! Namun kalau tdk ya nunggu dulu bentar lg. Kan katanya skripsi mau dihapus tuh ,tele_kawe,,0,0,0,PradiptaPP
Mon Sep 11 11:19:05 +0000 2023,0,soon.... terima kasih song mingi dan jeong yunho.... lebih bagus kalo skripsi dihapus sih,,,0,0,0,youdiditem
Mon Sep 11 04:54:06 +0000 2023,0,Kewajiban Skripsi Dihapus Bagaimana Tanggapan Pakar dan Mahasiswa? https://t.co/hzeTgas5he,,Indonesia ,0,0,0,HeyLawID
Mon Sep 11 03:51:51 +0000 2023,0,@kiddsioo tauny skripsi dihapus,kiddsioo,DNF without context pls guys,0,1,0,kyokoloml
Mon Sep 11 02:27:01 +0000 2023,0,Skripsi mau dihapus ditengah gencarnya deklarasu pentingny literasi dalam kehidupan sehari-hari Sedih banget orang (zaman sekarang) yang sekolah aja belum semua bisa menggunakan titik koma dan huruf yang benar eh malah skripsi mau dihilangkan Typing semakin hancur dong,,,0,0,0,gus_ariya
Sun Sep 10 21:13:49 +0000 2023,0,@dosenkesmas @collegemenfess oookay kak jadi masa dewasa awal dihapus aja yak?,dosenkesmas,,0,1,0,goodluckforpsy
Sun Sep 10 16:18:24 +0000 2023,0,caminskripsi kalo masih coolyeah sekarang pasti seneng soalnya skripsi dihapus tapi kan tergantung kebijakan kampus https://t.co/C67RDfM7rJ,,tbzxh ྀི MINOR DNI !!,0,0,0,BBBNYIM
Sun Sep 10 15:19:59 +0000 2023,0,OH ternyata selama gua ke masa lalu KEWAJIBAN BIKIN SKRIPSI SUDAH DIHAPUS OLEH PEMERINTAH! HAHAHAHA *evil laugh*,mikkelzr,Hedeon ,0,1,0,mikkelzr
Sun Sep 10 14:36:14 +0000 2023,0,@tzuubae semangat taun depan skripsi dihapus,tzuubae,"Trenggalek, Indonesia",0,0,0,wzonetrenggaIek
Sun Sep 10 10:37:22 +0000 2023,0,@ryujiacle anak psikologi klo skripsi dihapus penggantinya disuruh baca pikiran dospem sm dospen,ryujiacle,logout.,0,1,0,somsovie
Sun Sep 10 08:14:32 +0000 2023,0,Sebenernya skripsi gausah dihapus menurut gua yang perlu dihapus dosennya ajadah.,,,0,0,0,kjris
Sat Sep 09 06:33:44 +0000 2023,0,@jeonlxyz @collegemenfess dari dulu ngomongnya mau dihapus skripsi mulu,jeonlxyz,,0,1,0,yqngsin
Sat Sep 09 04:31:44 +0000 2023,1,bisa ga sih skripsi dihapus aja,,,0,3,0,wh0spino
Sat Sep 09 02:22:02 +0000 2023,0,@nonuunggie Sebenernya peraturan nya terlalu mendadak pelaksanaan nya... Skripsi dihapus pun pasti ada pengganti yg sama susahnya karna gak mungkin kita kuliah 3 5 - 4thn ga ada ujiannya ,nonuunggie,caratland 🎮,0,1,0,red_wonwoo
Sat Sep 09 00:45:16 +0000 2023,0,Akademisi Majalengka: Sepakat Skripsi Dihapus Tapi Belum Waktunya https://t.co/2q1QqzhEeJ,,Jabar,0,0,0,Jabar24Jam
Sat Sep 09 00:43:05 +0000 2023,0,Akademisi Majalengka: Sepakat Skripsi Dihapus Tapi Belum Waktunya https://t.co/9wYruwJbyT,,"Subang, Jawa Barat",0,0,0,zonasubang
Sat Sep 09 00:41:40 +0000 2023,0,Akademisi Majalengka: Sepakat Skripsi Dihapus Tapi Belum Waktunya https://t.co/tEkG3sWdTY,,Jawa Barat,0,0,0,TINTAHIJAUcom
Fri Sep 08 14:24:36 +0000 2023,1,@ilyneyy Katanya skripsi dihapus hoax dikampusku :(,ilyneyy,,0,0,0,AuxtineAxe
Fri Sep 08 08:58:13 +0000 2023,0,Aku lulus kuliah 12 thn yg lalu. Awal masuk kuliah kaget liat kating heboh nyediain snack minuman bhkn nasi kotak pas mau sempro &amp; sidang skripsi. Alhamdulillahnya begitu kami mau tamat peraturan kykgt dihapus. Yg sidang gak boleh bawa apapun bhkn aqua pun kampus yg nyediain.,,"Medan, Indonesia",0,0,0,mysceneryy
Thu Sep 07 20:14:21 +0000 2023,1,warwerwor ketika mau lulus (college's ver) : skripsi dihapus+lockdown 2.0 ,,,0,0,0,crmlmchiattoo
Thu Sep 07 14:35:38 +0000 2023,0,SMA 2019 Kuliah 2020 skripsi tidak dihapus tp tidak diwajibkan jadi masih tetep kok aku skripsian‍️,,"Kota Malang, Jawa Timur",0,0,0,reedveelveet_
Thu Sep 07 14:19:57 +0000 2023,0,@collegemenfess jurusan sejarah: skripsi dihapus tp ganti nya bikin candi deadline 1 minggu,collegemenfess,grand line,0,0,0,shapnks
Thu Sep 07 09:23:23 +0000 2023,0,@collegemenfess @satriobudhi_ skripsi dihapus tapi lu harus mastiin absennya heksa 100% gapake tipsen,collegemenfess,,0,1,0,LivinCyborg
Thu Sep 07 07:45:16 +0000 2023,0,@collegemenfess oseanografi : skripsi dihapus diganti nguras tumpahan minyak di seluruh dunia sambil ngitungin proses degenerasi klororifl a yang terdampak.,collegemenfess,,0,0,0,dklnqh
Thu Sep 07 07:19:43 +0000 2023,0,@discountfess Gak kebayang rumor kalau Skripsi dihapus terus nanti syaratnya diganti sama Game Cocoki otw jadi mahasiswa abadi kek nya aku ,discountfess,,0,0,0,kookieembul
Thu Sep 07 04:35:58 +0000 2023,18,@collegemenfess Jurusan Ked Hewan : skripsi dihapus....gantinya kalian harus bisa menemukan cara transplantasi cula badak sehingga tdk lg bercula satu,collegemenfess,,0,0,0,Ielaki_moe
Thu Sep 07 02:44:00 +0000 2023,1,Kalo skripsi jadi dihapus eh ternyata gantinya test lisan hyaaa,,Jawa Barat,0,1,0,inicucubatman
Wed Sep 06 17:38:08 +0000 2023,0,skripsi dihapus gantinya disuruh buat pesawat,,DNF,0,0,0,doobydobapp
Wed Sep 06 14:59:23 +0000 2023,0,Skripsi Dihapus Ketua DPR: Ini Bentuk Merdeka Belajar https://t.co/BxCAtv2IGb,,Jakarta Capital Region,0,0,0,boim00760564
Wed Sep 06 11:53:01 +0000 2023,1,@stauber_43 ada beberapa kampus yang menyetujui skripsi dihapus ada jg engga yaa kak tergantung kebijakan dari kampusnya dan untuk kampus yh skripsinya dihapus nanti tetep diganti dengan tugas lain,otterlycoins,,0,0,0,ciggggarrrr
Wed Sep 06 10:59:09 +0000 2023,0,@MenfessUnej tenang skripsi mau dihapus diganti opsi lain,MenfessUnej,"Jawa Timur, Indonesia",0,0,0,tyonugrh_
Sun Sep 03 13:04:43 +0000 2023,1,@azkinaa Bukannya skripsi dihapus ki? ,azkinaa,,0,0,0,mileyswafa
Sun Sep 03 06:50:05 +0000 2023,1,@um_fess Kemaren gue ngobrol sm kaprodi perihal ini blio bilang buat prodi gue mah skripsi dihapus apa engga tuh sama aja bebannya ga berkurang. Gaada jaminan kalau project bakalan lebih gampang dr skripsi baiknya menyesuaikan sm kemampuan individu lagi aja,um_fess,Kamar,0,0,0,haiiayam
Sun Sep 03 06:42:38 +0000 2023,1,@um_fess pdhl tinggal ngikutin aja kalo jurusan minta skripsi ya skripsi artikel ya artikel meskipun dihapus pasti digantikan dg tugas yg bobot nya sama nikmatin aja toh pasti semua yg km lakukan ada manfaatnya buat km sendiri,um_fess,Malang,0,1,0,eskrimstobeli
Sun Sep 03 05:07:59 +0000 2023,0,Skripsi Bakal Dihapus Ini Tanggapan Rektor Unair @Unair_Official https://t.co/VunSXjzXCE #unair #rektorunair #skripsi #beritapendidikan #surabaya #beritasurabaya #kabarterdepan,,"Mojokerto, Jawa Timur",0,0,0,kabarterdepanID
Sun Sep 03 01:03:31 +0000 2023,5,Kemendikbudristek menekankan skripsi tidak dihapus melainkan tidak menjadi jalan satu-satunya untuk lulus kuliah. Lalu seperti apakah? https://t.co/NSeyj7GVsF,,Jakarta,2,2,0,liputan6dotcom
Sun Sep 03 00:32:03 +0000 2023,0,@collegemenfess Kalo dipikir dg pemikiran dangkal skripsi anak kes keknya sabi dihapus soalnya ujian lain tu lebih ngefek ke keterampilannya kita. Tapi di satu sisi mikir skripsi bikin wawasan dan cara menganalisis kita berkembang dari segi teori. Jadi dahlah jalanin sambil ngeluh dikit,collegemenfess,,0,0,0,onthemilkywayyy
Sat Sep 02 22:55:06 +0000 2023,1,Humaniora sepekan Skripsi tidak dihapus hingga wacana haji satu kali https://t.co/3eXawfJyL3,,NKRI,0,0,0,antaranews
Sat Sep 02 17:16:02 +0000 2023,2,@yangmi3prnew Menurut saya Skripsi itu adalah wajib bagi setiap calon sarjana dlm mlakukan riset dlm mengimplemntasikn ilmu yg dipelajarinya...nah dlm ujian skripsi itulah kompetensi di mahasiswa/wi diuji dan dibuktikan ia kompeten atau tidak Saya krg stuju bila KEWAJIBAN skripsi dihapus...,yangmi3prnew,"Irkutsk, Russia",0,0,0,Muliadi75
Sat Sep 02 16:24:08 +0000 2023,1,Bacaan bagus tentang yg lagi hangat sekarang; skripsi dihapus? Sila disimak.,,Heaven,0,0,0,aquaganksta
Sat Sep 02 16:03:02 +0000 2023,1,sooca dihapus bisa gasi? jujur terbebani dikit sama sooca belum lg nnt disuru mikir skripsi allahuakbar,,unlabeled,0,0,0,dexinistra
Sat Sep 02 15:33:10 +0000 2023,27,@um_fess gausa berharap skripsi dihapus nder lek dihapus bakale yo diganti dgn bobot yang hampir sama. gak koyok jaman sma covid sing UN dihapus trus kelulusan ditentukan sekolahan,um_fess,"East Java, Indonesia",0,0,0,NoAbsen13
Sat Sep 02 15:26:07 +0000 2023,84,um! sing panggah ngroweng masalah skripsi dihapus opo ora woconen iki cok! https://t.co/FihCqfVU5V,,cra krim mfs? cek link‼️😠👉🏻,1,14,1,um_fess
Sat Sep 02 15:15:39 +0000 2023,1,@collegemenfess Ga setujuuu. Menurutku skripsi itu wajibbb kalaupun dihapus ya berarti TA harus diganti dengan projek atau buat prototipe.,collegemenfess,"Makassar, Indonesia",0,0,0,herdhy00
Sat Sep 02 13:39:18 +0000 2023,0,Skripsi UKom OSCE TOEFL. Kalo skripsi memang dihapus tolong ilangin buat mahasiswa kesehatan. Ga ngaruh di kelulusan tapi sumpah ngabisin bnyak waktu yg hrusnya bisa gue pake buat persiapan UKom/OSCE/TOEFL,,"Bali, Indonesia",0,0,0,camaovinga
Sat Sep 02 12:44:03 +0000 2023,9,@um_fess Masalahnya km udh ada hal yg bisa menggantikan skripsi gak? Kalo belum ya tetep bikin skripsi kalo aku gitu mikirnya. Kalo mikir kebijakan skripsi dihapus gak lulus .,um_fess,,0,0,0,hanyaaku_diriku
Sat Sep 02 01:03:03 +0000 2023,0,@collegemenfess UN dihapus Skripsi dihapus Tesis gak perlu jurnal-jurnalan. Kalo gitu jadi ASN gak perlu tes juga dong mas @nadiemmakarim @Nadiem_Makarim @MasMenteri,collegemenfess,,0,1,0,BabehWidiidiW
Sat Sep 02 00:53:06 +0000 2023,0,yaopo sih cok cok. ga ada yg ngapus skripsi lah jancok gedek banget gua kalo masih ada aja yg dongo bahas ini. jelas di beritanya bukan dihapus tp dikasih option lain. meanwhile telkom kan dari kapan tau udah ngasih option skripsi/jurnal/projek TA. kocak,,,0,0,0,cavtik
Fri Sep 01 23:58:59 +0000 2023,0,@convomf Gapapa skripsi ga dihapus yang dihapus itu sidangnya aja. Yang Penting mah kita udah paham Materi sama skripsi Kita udah bagus Karna revisi²an Asal jangan ada sidangnya aja Karna itu yang paling menguras mental....,convomf,Universitas Padjadjaran,0,0,0,Mrandydf1309
Fri Sep 01 23:58:36 +0000 2023,0,Skripsi nggausah dihapus gpp tapi mending abis pkkmb langsung wisuda aja,,"Sleman, Yogyakarta",0,1,0,ajengataudiri
Fri Sep 01 23:34:19 +0000 2023,0,Walopun dihapus kan mesti ada penggantinya yg setara skripsi kocak,,"Kediri, Indonesia",0,0,0,sudendly
Fri Sep 01 23:10:32 +0000 2023,0,@convomf Pdhl udah jelas loh kmrn di vidnya kembali ke perguruan tinggi masing2 brarti ya syarat lulus tidak melulu skripsi ada opsi yg laen. Gabilang skripsi dihapus brarti ya Skripsi tetep ada. Tinggal kampusnya aja yg mau bikin skripsi tetep jd syarat klulusan/engga.,convomf,"Luna, Moon",0,1,0,s0n6b1rd
Fri Sep 01 21:51:18 +0000 2023,2,Skripsi mau dihapus padahal kuliah isinya kebanyakan tujuannya buat skripsi dan sidangnya entah tugas kelompok makalah presentasi hampir semuanya.,,"Tulungagung, Indonesia",0,0,0,Rifqird2201
Fri Sep 01 17:59:44 +0000 2023,2,@convomf Ya pdhl udh diblg dri awal sm beliau kalo itu balik lagi ke universitas dan fakultas masing-masing. Dan lagi skripsi dihapus digantinya projek keknya lebih syulid,convomf,"Gangnam-gu, Republic of Korea",0,0,0,guetuh_imut
Fri Sep 01 17:57:36 +0000 2023,7,Kok berita skripsi dihapus diresponnya begini amat ya sama para pemales,,,0,0,0,selisihmakna
Fri Sep 01 17:46:17 +0000 2023,0,Ya jawaban normal sih pasti gak akan full dihapus. Bahkan soal alternatif skripsi telyu juga udah nerapin Mendikbud kali ini sebenernya cuma negasin alternatif skripsi secara eksplisit di permen. Sisanya ya kembali ke kebijakan kampus,,Di Antara Pusaran Nirfungsi,0,0,0,iqbalarauf
Fri Sep 01 17:28:22 +0000 2023,1,Dari awal pas diumumin skripsi dihapus gue malah takut soalnya bisa jadi nanti tugas akhirnya lebih susahhhhhtp sepertinya bu rektor menyetujui penghapusan skripsi,,,0,0,0,ijneyhhyenji
Fri Sep 01 16:07:44 +0000 2023,0,Skripsi dihapus Diganti project/capstone ,,"Bandung, Indonesia",0,0,0,FlyingInsect23
Fri Sep 01 15:45:08 +0000 2023,2,Ini org2 yg seneng pada ngerti gak sih klo syarat kelulusan SELAIN skripsi ditambah opsi lain kek bikin project gitu. Bukan berarti dihapus yg gaada sama sekali..,,she/her  ,0,0,0,wonwoonisasi
Fri Sep 01 15:44:04 +0000 2023,3,@convomf Dosen esp assessmentku kemarin udah declared sejujurnya saya gak setuju sama kebijakan skripsi dihapus. ,convomf,,0,0,0,bodoamatgasie
Fri Sep 01 15:34:23 +0000 2023,1,Dengar-dengar skripsi sekarang dihapus ya. https://t.co/6yLhtN9Nvs,,,0,0,0,noffret
Fri Sep 01 15:20:40 +0000 2023,0,Rekan sebaya..setuju gasii kalau skripsi dihapus?,,cut nyak dien 16 Medan 20152,0,0,0,105kissfmmedan
Fri Sep 01 15:15:02 +0000 2023,2,@collegemenfess kata siapa skripsi dihapuskan? daridulu jg gitu ga sih syarat untuk ngga ikut skripsi kan harus punya suatu proyek yang dikerjakan? emang skripsi dihapuskan tuh bener bener dihapus tanpa ngapa ngapain? kan ngga tetep ada atuh skripsi mah cuma tinggal kita pilih mana,collegemenfess,here,0,0,0,tulalulit
Fri Sep 01 15:07:49 +0000 2023,0,Skripsi ga dihapus omg tapi bisa dijadikan opsi teman hrus baca permen 53/2023 krna hoax it's not cool :&lt;,,RANDOM/(my porto in my link!) ,0,0,0,aiuxqr
Fri Sep 01 14:55:26 +0000 2023,1,@essejuicycy wah rektor lg sibuk urus skripsi dihapus ap ngga,,,0,0,0,daviesboyy
Fri Sep 01 14:19:09 +0000 2023,0,@chyntiaaasari Sepakat banget skripsi dihapus wkwk,chyntiaaasari,,0,0,0,MDzalik
Fri Sep 01 14:18:54 +0000 2023,0,@convomf kmpus gua mustahil bgt kalo skripsi dihapus,convomf,Yogyakarta,0,0,0,urgurlfr
Fri Sep 01 14:18:43 +0000 2023,0,@chyntiaaasari Skripsi itu tanggung jawab akademik menjadi mahasiswa ya jadi jangan dihapus,chyntiaaasari,Jakarta Capital Region,0,0,0,rakyat_progres
Fri Sep 01 14:12:46 +0000 2023,0,@convomf Apa dikiranya skripsi tidak diwajibkan tu dihapus kah,everybodeyi,she/her ✧,0,0,0,everybodeyi
Fri Sep 01 13:49:03 +0000 2023,3,@convomf Kan emang ya terserah kebijakan prodi dong. Kalau memungkinkan ya pasti bakal dikasih tahu dan diarahin. Kalo belum memungkinkan ya kembali ke skripsi lagi. Dah dibilangin dari kemaren skripsi itu tidak diwajibkan bukan dihapus. Jangan kemakan headline doang napa,convomf,,0,0,0,fajr_ptra
Fri Sep 01 13:47:37 +0000 2023,2,Banyak banget yang kontra s1 skripsi dihapus dengan alasan apa jaminan mutu lulusan?? Si paling bermutu silakan lewat dah ,,Tiny little spaces,0,1,0,Ahmd_Zulfahmi
Fri Sep 01 13:45:00 +0000 2023,0,Mendikbudristek Nadiem Makariem meluruskan ketentuan wajib atau tak wajib skripsi sebagai tugas akhir mahasiswa D4 dan S1 diserahkan pada perguruan tinggi masing-masing. Ini sebagai penjelasan isu skripsi dihapus sebagai syarat kelulusan perguruan tinggi. https://t.co/ns6OyEQSsE https://t.co/7hyO9m1gi9,,Indonesia,0,0,0,CNNIDdaily
Fri Sep 01 13:33:13 +0000 2023,19,@raye_brahm TOLONG YA MEDIA BACA THREAD INI. Jangan cuma temnal temnil yg bertema Skripsi dihapus ,raye_brahm,"West Borneo, Indonesia",0,0,1,sseemsms
Fri Sep 01 13:12:57 +0000 2023,1,@altagfg Aku setuju sama poin-poin Altaf di sini. Kalau dilihat-lihat mereka yang merasa menyesal karena wajib skripsi dihapus juga dari angkatan yang mengalami UN terakhir jadi pasti ada kemungkinan muncul rasa seperti itu.,altagfg,Indonesia,0,0,0,Jaguar_Alone
Fri Sep 01 13:11:07 +0000 2023,8,notes! ㅡ few tweets au / daily tweet ㅡ harsh words ㅡ ️ cw : skripsi ️ ㅡ kos ankita disini ganti ava twt dan pp chat karena foto yg dulu udah dihapus pas ending kemarin ㅡ enjoy! ㅡ feedbacks are really appreciated ㅡ cerita fullnya dari sini ⬇️ https://t.co/Nl80KJSAIh,baeby__,rps 🔞,0,1,0,baeby__
Fri Sep 01 13:00:40 +0000 2023,2,@Jaguar_Alone Terlepas dari seneng nya skripsi dihapus atau ngga tapi itulah yang membuat kualitas manusia lebih baik dengan cara berfikir. Sama kaya UN dulu toh sekarang ada efek negatif nya zonasi. Banyak yang pake ordal buat bikin anaknya keterima kita berputar pada lingkaran yang sama,Jaguar_Alone,"Atsugi-shi, Kanagawa",0,2,0,altagfg
Fri Sep 01 12:57:14 +0000 2023,546,Walaupun ada isu skripsi dihapus harus tetep jaga-jaga. Ini Kumpulan thread skripsi untuk kamu semester 7 atau maba yang penasaran. https://t.co/FQ4VuwXwvM,,,6,1,105,chocostudy_
Fri Sep 01 12:36:54 +0000 2023,1,Skripsi dihapus wkwkwk kena prank pak nadim yang ada. Tapi dengan digantinya skripsi ini diharapkan mengurangi populasi mahasiswa abadi soalnya kalo satu aja yang males ngerjain digebukin satu kelompok project,,Ghibli,0,0,0,sigumush
Fri Sep 01 12:36:40 +0000 2023,1,@collegemenfess Skripsi dihapus tepat sebulan setelah w wisuda kan bangke,collegemenfess,,0,0,0,fdilaqn
Fri Sep 01 12:10:05 +0000 2023,0,@sbmptnfess skripsi ga dihapus cuma ada opsi selain bikin skripsi,sbmptnfess,,0,0,0,spamyjal
Fri Sep 01 11:54:06 +0000 2023,0,@jejejerapah skripsi dihapus katanya nnti klo blm dihapus tak bantu hapusin lgsg dr laptop mu,jejejerapah,,0,1,0,saldokosongg
Fri Sep 01 11:43:06 +0000 2023,0,perkara skripsi dihapus.. sbnrnya uwiw udh make sistem gini &amp; w lulus pun jatohnya juga bukan lewat skripsi..,,☆ — 9w1,0,1,0,ROSERAFINN
Fri Sep 01 11:38:26 +0000 2023,1,Bahkan pengamat sampai menilai bahwa skripsi dihapus akan memberikan dampak baik bagi mahasiswa. Tapi tetap tergantung kampusnya ya. Terlepas itu apa akan ada perjuangan mahasiswa akhir lagi? atau ini rencana lain dalam menambah skill bagi mahasiswa... semangat! https://t.co/uK4zwYJIYP,chyntiaaasari,MARS,0,0,0,chyntiaaasari
Fri Sep 01 11:38:18 +0000 2023,25,Skripsi Dihapus? Mahasiswa Harus Sedih atau Senang Bahas mahasiswa aja gamau bahas Cawapres Anies dr Demokrat. Semoga September bnyk yg wisuda biar September ceria. Gimana nih? para pejuang skripsi kalo dihapus... uda nangis eh dihapus Dahlia blg semangat mahasiswa akhir! https://t.co/eXcddpkEVZ,,MARS,6,8,14,chyntiaaasari
Fri Sep 01 11:27:41 +0000 2023,0,@collegemenfess Siapa yang bilang skripsi dihapus? Itu mah cara sibapak itu aja supaya dianggap kerja toh ujung-ujungnya tergantung kampus masing-masing. Lagian masalahnya kan bukan di skripsinya tapi revisian dan sibapak/ibu dosen yang sulit ditemui dosen yang merasa paling penting .,collegemenfess,"Kota Medan, Sumatera Utara",0,0,0,panggabean_regn
Fri Sep 01 11:23:30 +0000 2023,6,Katanya peringkat 500 kampus terbaik dunia kok setuju kalo skripsi dihapus atau diganti wkwk https://t.co/1jJ1OUp2cx,,"Kota Surabaya, Jawa Timur",0,4,0,12izqiii
Fri Sep 01 11:19:12 +0000 2023,1,no. skripsi + sidang dan gabisa dihapus salah satunya. harus keduanya dihapus atau tetap ada keduanya.,,,0,1,0,dlsym
Fri Sep 01 10:57:45 +0000 2023,0,@collegemenfess angkatan 22 bilek: mau lulus sma UN dihapus mau lulus kuliah skripsi dihapus ,collegemenfess,,0,0,0,narafaa_
Fri Sep 01 10:15:00 +0000 2023,0,kalo kata dosenku skripsi dihapus tp disuruh bikin jurnal awokaoak,,,0,1,0,nwezzuko
Fri Sep 01 10:07:09 +0000 2023,0,skripsi dihapus sama kemendikbud tapi kamu sekolahnya sama kemenkes ,,,0,0,0,AudinaSheva
Fri Sep 01 09:04:32 +0000 2023,0,@collegemenfess harusnya gausah dihapus gapapa sih lagian dengan mengerjakan skripsi ngejalani ujiannya tu bakal ada kebanggaan sendiri tauu,collegemenfess,Shanghai China,0,0,0,haylinxiaaaa
Fri Sep 01 08:46:42 +0000 2023,0,bejir iya juga klo skripsi dihapus gantinya lebih gampang lah klo skripsi dihapus gantinya 1000x lebih jahanam gimana cok,,personal acc — sbt,0,1,0,dearestulip
Fri Sep 01 08:45:04 +0000 2023,0, Saya setuju persyaratan lulus mahasiswa wajib membuat skripsi dihapus dan diganti tugas akhir karena bisa mengurangi beban mahasiswa dalam menyelesaikan studinya kata Pengamat. https://t.co/NSTNE1SqcC,,NKRI,0,0,0,antaranews
Fri Sep 01 08:43:35 +0000 2023,0,@urmysweetnight Kayanya sih diserahin ke kampus deh mau skripsi atau ngga begitu. Tp gatau gue udh bab 5 kl dihapus kek eek sumpah wkwk.,urmysweetnight,Indonesia,0,1,0,tyrexdazzle
Fri Sep 01 08:43:12 +0000 2023,0,@bedepeee Skripsi dihapus trus jasa joki skripsi pye sam,bedepeee,Salatiga,0,1,0,jetbastian
Fri Sep 01 08:37:26 +0000 2023,0,@collegemenfess bknnya dimulai di angkatan 20 ya? UN dihapus pas 2020 kan? trs angkatan 19 di kampusku juga dah pada kelar skripsi pas skripsi ditiadakan gini,collegemenfess,,0,0,0,belleswrite
Fri Sep 01 08:06:17 +0000 2023,1,skripsi dihapus tapi target askeb ngga dihapus ya sama ae pak ga kroso keuntungan e blass ,,idk ,0,0,0,strwbrryancgrts
Fri Sep 01 08:04:39 +0000 2023,4,@sbmptnfess Sebenernya bukan dihapus skripsi tapi ada opsi lain selain skripsi buat kelulusan,sbmptnfess,,0,0,0,Haru11250485
Fri Sep 01 08:01:18 +0000 2023,0,mahasiswa pada kontol emang udah maha bukan siswa lagi literasinya bener bener tai cuma bilang skripsi dihapus,,,0,0,0,yungnikiii
Fri Sep 01 07:25:40 +0000 2023,0,hmm aga kurang setuju sih skripsi dihapus kalo udah kerja baru kerasa deh manfaatnya skripsi tuh kaya langkah awal mempersiapkan diri untuk bekerja didunia kerja ada namanya buat laporan tata cara penulisan yang baik dan benar revisi dari pihak sana sini,,indonesia,0,0,0,hanajeef
Fri Sep 01 07:06:40 +0000 2023,0,skripsi ga dihapus buset dah.,,_(:ι」∠)_,0,0,0,jeonggukbulet
Fri Sep 01 05:06:32 +0000 2023,1,@collegemenfess ya si mending sidangnya aja yg dihapus toh nyatanya tuh skripsi ga akan mempengaruh ke apapun cuman di tumpuk dipojokan,collegemenfess,上海 ,0,0,0,meinublue
Fri Sep 01 05:04:24 +0000 2023,0,@kegblgnunfaedh Skripsi jgn dihapus biar adik² merasakan janjian sama dosen pembimbing,kegblgnunfaedh,,0,0,0,edudukun
Fri Sep 01 04:35:16 +0000 2023,1,Denger2 skripsi mau dihapus terus diganti kliping,,,0,0,0,farisdidifebriy
Fri Sep 01 04:08:08 +0000 2023,0,@airaniiofifteen Pendapat skripsi dihapus bang yop,airaniiofifteen,,0,0,0,idk_justabyte
Fri Sep 01 04:01:03 +0000 2023,0,@mewxcury kalo nurunin mungkin enggak ya tapi ya balik lagi harusnya emang dibedakan antara universitas s1 dan sekolah politeknik d3 atau smk yang fokus ke skill. univ kan emang harusnya fokus ke teori knowledge. salah kaprah kalo skripsi dihapus fungsi institusinya aja beda kan.,mewxcury,BTS - TXT - HANGYUL - SUNOO,0,1,0,kookieslattae
Fri Sep 01 03:50:33 +0000 2023,0,Skripsi dihapus mah bahasa alusnya aja. Bikin project dan up jurnal dgn standar lbh tinggi mah lbh susah keknya,,"Dresden, Germany",0,0,0,leeeeinlove
Fri Sep 01 03:44:14 +0000 2023,1,wkwk ini temen2 mahasiswa pada gabaca berita lengkapnya apa gmn ya. skripsi tidak dihapus tapi ada alternatif lain guys... dan kalian pikir alternatif lain seperti jurnal project film itu lebih mudah dari skripsi? sebel bgt siapa sih yg menyebarkan misinformasi begini,,thank you!,0,2,0,wontumine
Fri Sep 01 03:40:06 +0000 2023,0,@kookieslattae Di tingkat atas aj gitu.UN dihapus aja bikin anak2 yg dari sekolahbnegri biasa tuh males2an dan sejujurny tipe western di sistem pendidikan kita gk cocok bgt. Anak2ny gk kritis dari sdm pengajar juga blm siap klo ditingkat uni gk ada skripsi apa gk makin nurunin kualitas sdm ya?,kookieslattae,,0,1,0,mewxcury
Fri Sep 01 03:14:18 +0000 2023,0,aku juga mikirnya kalo skripsi dihapus pasti penggantinya lebih susah ahahaha,,,0,0,0,namakusejarahh
Fri Sep 01 03:01:47 +0000 2023,0,@collegemenfess sebenarnya skripsi ga dihapus gapapa. sidangnya aja yg dihapus jadi pas skripsinya jadi tinggal dikumpulin terus wisudaaa.,collegemenfess,"Kalimantan Selatan, Indonesia",0,0,0,reddevilgirl_
Fri Sep 01 02:58:00 +0000 2023,0,Skripsi dihapus tapi gantinya jadi upload jurnal mending gw lompat sekalian. Upload jurnal tuh gak gampang prosesnya belum pernah ngalamin but I know it s gonna be stressful dan stresnya bisa aja lebih dari pas nyusun skripsi,,RPS/RPF.,0,0,0,dokengitis
Fri Sep 01 02:51:00 +0000 2023,2,Jangan gagal faham. Ya . Skripsi tidak dihapus. https://t.co/ZUw274eROT,,"Kudus, Indonesia",0,0,0,MuchithSaekan
Fri Sep 01 02:37:33 +0000 2023,0,@collegemenfess Skripsi tidak dihapus tolong. Ini bikin sesat. Yang bener untuk lulus tidak wajib skripsi tapi ada penggantinya,collegemenfess,INA,0,0,0,pyu_bagus
Fri Sep 01 02:37:30 +0000 2023,0,gue baru selesai skripsian dan melewati masa-masa gila eh tbtb katanya skripsi mau dihapus ajg sakit hati..,,,1,0,0,Nesophyte
Fri Sep 01 02:22:25 +0000 2023,0,@AdamVelcro Dihapus matkul ? Dl kan ada jalur KTA dan non KTA ya. Mahasiswa bisa pilih. Loker di bbrp media jg kadang mencantumkan persyaratan lulus dg skripsi. Krn pasti beda kemampuan berpikirnya yg pake skripsi dg yang tidak. Aneh aja nih orang.. Biarin aja...kenapa hrs hapus matkul ?,AdamVelcro,🏡,0,0,0,__R3mind_M3_
Fri Sep 01 01:57:44 +0000 2023,1,@UNSfess_ Ga dihapus pun gapapa karena secara ga langsung kita banyak belajar soft skill dri pembuatan skripsi. Pada dasarnya juga skripsi itu bukan beban skripsi cm ada 2 jenis skripsi yg susah dan skripsi yg selesai.,UNSfess_,,0,0,0,TheAshenCinder
Fri Sep 01 01:56:12 +0000 2023,0,honestly aku tin kontra skripsi dihapus bcs ada skripsi aja lulusannya kadang masih ngang ngong apalagi nda ada skripsi???? but idk sih bakal diganti apa klo misal ada sistem yg bisa ngereplace dg baik ok lah,,she/her,0,1,0,mlbblsfussion
Fri Sep 01 01:47:28 +0000 2023,0,@collegemenfess Tetep ngerjain skripsi Sidang dihapus keknya bakal aneh gk sih secara sidang kan kek ujian akhirnya masa mau lulus gapake ujian. Sidang tuh buat ngecek hasil penelitian sama pemahaman dari yg udah kmu tulis bisa jadi nanti ditanyain materi matkul juga.,collegemenfess,infj,0,1,0,sevenzenss
Fri Sep 01 01:40:23 +0000 2023,1,kdg gue bingung yg baca sekilas trs skripsi diapus trs masut elo dihapus gitu aja gaada penggantinya??? skrg fokus ajadeyyy ama dospem gosa nanya mulu km nanya km nanyaaa muak anj,,jawtim,0,0,0,diensiniy
Fri Sep 01 01:29:29 +0000 2023,0,@collegemenfess Skripsi dihapus tapi diganti tugas laennnnnn. Langsung pada sesumbar kena judul berita hmmmmm,collegemenfess,031-0341,0,0,0,ajibsn
Fri Sep 01 01:27:36 +0000 2023,1,Ketika lo sampe stress ama skripsi dan akhirnya nyerah di detik2 akhir dan tiba2...... Skripsi dihapus Bayangin aja dulu.... ,,FUNVENTURE,0,0,0,AsyadiIndrawan
Fri Sep 01 01:16:21 +0000 2023,0,Gini gais Skripsi dihapus tu bukan kayak UN yg diapus di sekolah yg ga ada ujian pengganti jadi ya sama aja MASIH ADA YANG SEJENIS skripsi buat lulus Lain ceritanya kalo skripsi dan sejenisnya tu BUKAN SYARAT KELULUSAN alias kelar kuliah udah LANGSUNG LULUS,,She / Her ,0,0,0,luminesysmine
Fri Sep 01 01:13:32 +0000 2023,0,skripsi jgn dihapus mending sidangx aja yg dihapus,,,0,0,0,syafirarahmaa
Fri Sep 01 01:11:41 +0000 2023,1,@tanyakanrl semua tergantung dosen nder. mau bimbingan mau sidang pokoknya tergantung dosen. jadi mending skripsi saja yg dihapus,tanyakanrl,My Location Unknown,0,0,0,astrophillezz
Fri Sep 01 00:59:33 +0000 2023,0,@collegemenfess kalo yang skripsi udah jadi juga jangan dihapus tar mubazir udah cape cape. Wkwkwk,collegemenfess,sindu,0,0,0,hewentbananas
Fri Sep 01 00:48:04 +0000 2023,4,1. Hemat sy yg krusial dikritisi terkait Permendikbud 53 tahun 2023 ini bukan soal tdk wajib skripsi dihapus pasal wajib publish jurnal tapi terkait AKREDITASI. 1. Izin PT/prodi dicabut jk statusnya tdk terakreditasi. Tdk ada masa perbaikan. 2. LAM jadi pasar bebas karena...,,Indonesia,0,1,1,ferrykoto
Fri Sep 01 00:41:36 +0000 2023,1,Sebenarnya fase ini melelahkan tp ga juga yang mengatakan ga setuju apalagi sampe dihapus. Mending dibenerin kali ya dosen2 gajelas yg gatau mau sidang atau binbing skripsi kek mana.. kadang yg bikin stress yg kaya gitu,,,0,0,1,TiffanyAyano
Fri Sep 01 00:38:12 +0000 2023,5,Malah menurut gw yg penting dri skripsi tuh kemampuan buat research nyusun kata-kata dan presentasi-tanya jawab di sidang ini Klo sidangnya dihapus nanti pas interview kerja ngangongango,,,0,0,0,unokensho
Thu Aug 31 23:40:47 +0000 2023,1,@collegemenfess Siapa sih yg mulai isu skripsi dihapus? Mahasiswa mudah kemakan isu disinformasi kayak gini kok belagak mau kritis ke pemerintah. Ngehe lah.,collegemenfess,"Yogyakarta, Indonesia",0,0,0,istiraahat
Thu Aug 31 23:39:35 +0000 2023,2,@collegemenfess Kuliah ngaret sampe 14 semester cuma gara2 skripsi endingnya malah dihapus. Sikintil,collegemenfess,"Semarang, Central Java",0,1,0,Imam_alfarizi
Thu Aug 31 21:17:40 +0000 2023,1,Skripsi bukan dihapus cuma jadi gak wajib aja gak SIH,,cyber.,0,0,0,cecalion
Thu Aug 31 20:44:11 +0000 2023,1,Lu pada yang seneng skripsi dihapus emangnya yakin penggantinya lebih gampang? Contohnya gaada pedomannya baru dibuat nanti lu bingung dosennya juga bingung jadi kelinci percobaan yang ada Lagian kalo masih ngandelin joki gausah sok-sokan seneng lah wkwk,,"Bekasi, samping planet namex",0,0,0,achmadardians
Thu Aug 31 20:34:35 +0000 2023,0,Sekolah sistem zonasi Kewajiban nem skripsi tesis disertasi sbg syarat kelulusan dihapus. Semangat konpetisi melempem. Journal ilmiah udah ga jd syarat kelulusan. Anji mau jd apa negri ini?,,,0,0,0,lampu_patromaks
Thu Aug 31 20:17:07 +0000 2023,1,Gimana jadi skripsi dihapus gantinya nyari loker aja,,,0,0,0,as_hariiii
Thu Aug 31 19:53:21 +0000 2023,1,Pada rame skripsi dihapus. Meanwhile jurusan kita skripsi ada/ gak ada juga gak ngaruh karena kelulusannya gak pakai skripsi ,,,0,0,0,sambatispassion
Thu Aug 31 19:18:57 +0000 2023,1,Padahal nek kampus e ngekon wajib skripsi yo mulo skripsinan orak sih malah dihapus ,,Jepara,0,0,0,AlifSyahrulN
Thu Aug 31 18:59:39 +0000 2023,1,Skripsi dihapus Pertalite dihapus Tapi cintaku padamu tidak dihapus yahahaha saranghae,,Malang,0,0,0,noturfavcatto
Thu Aug 31 18:49:37 +0000 2023,4,@kegblgnunfaedh Skripsi dihapus tetapi gantinya magang 6 bulan ( bkin karya ilmiah tentang lingkungan perusahaan dan dipresentasikan didepan manager ) KKN ditambah jadi 3 bulan supaya banyak pengalaman dan mengasah kemampuan sosial ke masyarakat,kegblgnunfaedh,"Lana, España",0,0,0,R_TrisRaditya
Thu Aug 31 17:40:44 +0000 2023,0,Makanya Undip setuju skripsi dihapus,,,0,0,0,Zlufinn__
Thu Aug 31 17:36:42 +0000 2023,1,Skripsi itu banyak banget manfaatnya loh. Kenapa dihapus?,,Lamongan - Yogyakarta,0,0,0,farihfanani
Thu Aug 31 16:55:34 +0000 2023,1,daripada skripsi dihapus mending sidangnya aja dehh gua lebih takut sidangnya :(,,,0,0,1,hokibisawin
Thu Aug 31 16:43:10 +0000 2023,0,@rismayulinad @collegemenfess Gak ada aturan tertulis skripsi dihapus ,rismayulinad,,0,0,0,_qwerty_komen
Thu Aug 31 16:36:17 +0000 2023,0,@collegemenfess Coba spill aturan skripsi dihapus. Plis literasi ,collegemenfess,,0,0,0,_qwerty_komen
Thu Aug 31 16:34:28 +0000 2023,0,sama aja skripsi dihapus tapi penggantinya publikasi jurnal minimal sinta. nangis dikit ga ngaruh. berchandya berchandyaaa,,"Banyuwangi, Indonesia",0,0,0,candymonroll
Thu Aug 31 16:05:15 +0000 2023,7,@collegemenfess Salah paham anda skripsi/karya tulis ilmiah itu ga dihapus tapi tidak diwajibkan. Artinya masing2 prodi diberi kebebasan untuk menentukan apa cara yg tepat untuk menguji mahasiswanya lulus atau tidak artinya kalau kaprodinya mau karya tulis ya tetap skripsi wkwk,collegemenfess,"Jawa Barat, Indonesia",0,0,0,azvyae
Thu Aug 31 16:01:28 +0000 2023,0,2 hari ini di kelas bahasannya soal penghapusan skripsi melulu. Kan kalau skripsi dihapus tetep ada tugas pengganti. Emang pada mau misal diminta nulis novel boso Enggres?,,"Semarang, Indonesia",0,1,0,srisumaryani
Thu Aug 31 15:51:46 +0000 2023,360,@collegemenfess 2020 dijadikan percobaan -masalah pungli -sistem zonasi -belajar mati an ternyata un dihapus -mau sempro skripsi dihapus,collegemenfess,,8,4,24,laylajanggung
Thu Aug 31 15:41:54 +0000 2023,2,tolong cepat realisasikan skripsi dihapus,,carolina,0,0,0,sumkiz
Thu Aug 31 15:21:05 +0000 2023,0,skripsi dihapus tuh mau ngapain ya,,,0,0,0,19ofrin
Thu Aug 31 15:14:11 +0000 2023,0,@risnqwqn katanya sih skripsi bakalan dihapus tp dikampusku ga ada tuh,risnqwqn,,0,1,0,denisayangku
Thu Aug 31 11:27:01 +0000 2023,3,@collegemenfess yg bilang skripsi dihapus itu siapa sih . coba disimak slide-nya pak menteri deh,collegemenfess,,0,0,0,tom_hutomo
Thu Aug 31 11:21:20 +0000 2023,1,slkh skrng makin gampang aja weh dulu UN dihapus skrng skripsi dihapus SMA sabtu libur,,she/her,0,0,0,rosearety
Thu Aug 31 11:04:35 +0000 2023,2,dah seneng skripsi 3 sks lah dihapus https://t.co/6TSD8EkBYU,,lima menit lagi belok kiri,3,0,0,sIeepinprinceee
Thu Aug 31 10:56:35 +0000 2023,0,manifesting skripsi dihapus,,,0,0,0,suouazami
Thu Aug 31 10:55:34 +0000 2023,1,@JurnalAkuntansi UN dihapus Skripsi dihapus ,JurnalAkuntansi,"Kediri, Jawa Timur",0,0,0,arsadanim
Thu Aug 31 10:30:22 +0000 2023,0,Angkatan 2019 jadi angkatan terakhir yang ngerasain ujian nasional karena abis itu dihapus. Masa angkatan 2019 lagi yang jadi angkatan terakhir yang yang ngerasain mual muntah mumet nyusun skripsi. Ga adil sekali....,,"Yogyakarta, Indonesia",0,0,0,ilustracsi
Thu Aug 31 10:03:30 +0000 2023,0,Definisi kuliah cuma ospek sama skripsian doang pas skripsi udah tengah jalan malah mau dihapus ,,빌랑해🌈 || 22,0,0,0,absheon
Thu Aug 31 09:59:05 +0000 2023,0,ga semudah itu skripsi dihapus terbitlah artikel dan jurnal huahahahaha,,"Kota Bandung, Jawa Barat",0,0,0,saturnvs_
Thu Aug 31 09:47:01 +0000 2023,0,@woorarih_ btw skripsi ga dihapus sepenuhnya kok tetep tergantung kampusnya. dan kampus rata2 kayaknya males ribet jadi kemungkinan tetep akan lebih utamain skripsi. tapi aku setuju sama kamu sih kalo proyek kelompokan rawan ada yg numpang nama doang ckckck,woorarih_,_(:ι」∠)_,0,0,0,jeonggukbulet
Thu Aug 31 09:43:52 +0000 2023,0,Skripsi ga dihapus tapi di kampusku namanya tugas akhir jadi tetep ada,,20,0,0,0,marrrssiie
Thu Aug 31 09:42:48 +0000 2023,0,angkatan 19 emang nanggung UN dihapus pas udah lulus skripsi dihapus pas udah lagi nyusun,,"Madiun, Indonesia",0,1,0,backtoapr
Thu Aug 31 09:41:02 +0000 2023,0,Skripsi Dihapus: Meringankan Mahasiswa atau Mengurangi Pendapatan Joki Skripsi? https://t.co/IC6mEfXx1p,,Indonesia,0,0,0,WartaNusaId
Thu Aug 31 09:08:17 +0000 2023,0,dia angkatan 2019 pas maba libur 2 minggu adek kelasnya UN dihapuskan udah maju sidang tinggal wisuda trs skripsi dihapus,,,0,0,0,poblepuff
Thu Aug 31 08:51:52 +0000 2023,0,@nadiemmakarim saya awalnya ragu apakah bisa mengepalai kementrian yang terkenal dengan banyak PR didalam nya brilliant dengan tidak memperbaiki malah membuat terobosan yang keluar dari zona nyaman UN Kurikulum Merdeka Dan Skripsi dihapus jadi laporan proyek AYO SOSIALISASIKAN,nadiemmakarim,,0,0,0,VinnyGemilia
Thu Aug 31 08:46:29 +0000 2023,0,@collegemenfess drpda skripsi atau dosbingnya mending yang dihapus sempro semhas sama sidang yang lain ajalah,collegemenfess,,0,0,0,jeloleee
Thu Aug 31 08:42:37 +0000 2023,1793,-en sumringah banget yang habis denger berita skripsi bakal dihapus https://t.co/K5teOOnYuz,,Rules 👉🏻,139,89,194,enginafess
Thu Aug 31 08:34:54 +0000 2023,0,@unnesmenfess Aneh bgt skripsi dihapus tp sinta minimal dua mah sama aja boong,unnesmenfess,,0,0,0,etternalcats
Thu Aug 31 08:21:37 +0000 2023,0,Skripsi Dihapus? Rektor Unimed: Skripsi Lebih Memberi Manfaat untuk Mahasiswa https://t.co/7kJCcsECXz,,Jl. Wahidin Sudiro Husodo 59,0,0,0,radartuban
Thu Aug 31 08:20:25 +0000 2023,0,@collegemenfess Gapapa aku malah justru seneng pasti skripsi dihapus gantinya ga akan semudah itukan buat lulus? Malah dari alternatif lulus yang sekarang jalur skripsi paling mudah dibanding jalur non skripsi,collegemenfess,"Semarang, Jawa Tengah",0,0,0,symynmjeonww
Thu Aug 31 07:55:50 +0000 2023,0,lah iya kemendikbud bilang skripsi dihapus tapi aku kuliah di bawah naungan kemenag,,,0,0,0,aprann1da
Thu Aug 31 07:54:33 +0000 2023,0,@collegemenfess UN dihapus SKRIPSI TESIS dihapus tolok ukur pendidikan apa nih jadinya?,collegemenfess,Tokyo,0,0,0,boutekj
Thu Aug 31 07:46:49 +0000 2023,0,Jujur aja dulu pas bertempur sama skripsi + dapet pengunguman kalau UN di sekolah di hapus sempet kepikiran apa bisa ya skripsi tuh dihapus aja dan ternyata bisa walaupun aku dah lulus duluan ,,제노 only & 재민 only,0,0,0,seolluna
Thu Aug 31 07:42:52 +0000 2023,0,Kalau skripsi dihapus aku akan ambil S1 lain bidang lagi.,,(INA ／ ENG) ｜ OT9,0,0,0,fromfuma
Thu Aug 31 07:38:44 +0000 2023,0,@collegemenfess Project sama nerbitin jurnal ga sesederhana itu juga. Nerbitin jurnal pun pasti beda pengaturan AIUEO buat bikin jurnal nya sama jurnal yang biasa dibikin buat tugas matkul. Kenapa sih setiap berita begini pada baca judulnya aja waktu itu perihal UN dihapus sekarang skripsi,collegemenfess,北 信介,0,0,0,kitasvne
Thu Aug 31 07:35:05 +0000 2023,0,tp percuma skripsi dihapus ntar diganti tugas project yang lebih susah dan makan banyak biaya ,,18+ | 🔞 ic: @ciancy_an,0,0,0,caleasskisser
Thu Aug 31 07:26:01 +0000 2023,5,Gara2 media memuat berita setengah2/ wartawannya tak paham yg diberitakan. Padahal jelas2 tak dihapus tapi jadi opsi &amp; semua tergantung Prodi/PT bersangkutan. Artinya jk prodi/PT anggap skripsi tetap wajib ya monggo. Tak perlu pro kontra mestinya. Kalau membaca dg benar.,,Indonesia,0,2,4,ferrykoto
Thu Aug 31 07:23:59 +0000 2023,0,Kalo skripsi dihapus oke toh banyak yang nulis skripsinya ngasal yang penting kelar (kayak gw wkwkwk) tapi kalo tesis? Harusnya tetep publikasi di jurnal standar nasional minimal beban magister jauh lebih besar buat keilmuan yang dikaji,,,0,0,0,naecoyksaes
Thu Aug 31 07:23:08 +0000 2023,0,@querrencies UN dihapus skripsi dihapus udah saatnya kita lulus jalur warslot dan isi form Ucap beliau.,querrencies,┊ sansa louvrechy.,0,0,0,wonyite
Thu Aug 31 06:58:26 +0000 2023,0,@bedahplastik @collegemenfess Nyatanta justru dosenya keluar negeri terus Sekali ada susah ditemui . Tapi ya dia salah paham bukanya skripsi dihapus tapi option.,bedahplastik,Milan,0,1,0,adefai7
Thu Aug 31 06:35:21 +0000 2023,0,Skripsi dihapus Kelebihan : Meringankan beban mahasiswa Kekurangan : Mengurangi pendapatan joki skripsi https://t.co/hp2WLcSFWQ,,Indonesia,0,0,0,WartaNusaId
Thu Aug 31 06:22:47 +0000 2023,0,@collegemenfess Sebenernha dosbing salah satu peran penting dan yah setuju skripsi tuh emg ribet tapi menurut gue penting untuk seoranh indvidu yg mau lanjut ke next step Dari pada skripsk dihapus gue lebih setuju sama penegasan terhadao dosen yang ditunjuk sebagai pembimbing utk lebih--,collegemenfess,,0,2,0,rainynightight
Thu Aug 31 06:14:37 +0000 2023,1,@0PlNN @unnesmenfess Wkwkwk betullll dasar emang belum tau enaknya skripsi malah seneng skripsi dihapus atau udah ga diwajibkan lagi wkwk,0pinz,,0,0,0,if_amall
Thu Aug 31 06:14:06 +0000 2023,0,@collegemenfess Siapa bilang skripsi dihapus nder?,collegemenfess,Jakarta Capital Region,0,0,0,janggelanungu
Thu Aug 31 02:20:32 +0000 2023,0,@collegemenfess Mending kemampuan membacamu yang diperbaiki. Siapa yang bilang skripsi dihapus? ,collegemenfess,"Indonesia, Banten, Pandeglang",0,0,0,Arieldede
Thu Aug 31 02:19:13 +0000 2023,0,maunya langsung diuji gitu? terus habis ujian revisinya banyak protes juga habis ini bilang mending ujian skripsi juga dihapus.. ,,,0,1,0,Herlinda_dn
Thu Aug 31 02:12:31 +0000 2023,0,Gak lama lagi metode #skripsi utk S1 dihapus. Happy gak adek-adek aj?,,In Your Heart,0,0,0,mrdfi
Thu Aug 31 02:08:41 +0000 2023,0,@collegemenfess tp mnurutku ini 50 50 sih skripsi dihapus tp tar syarat lulus juga ga bakal semudah itu pasti ada project laporan dan macem2 jadi ya sama aja sama sama pusing,collegemenfess,,0,0,0,kenhiiroo
Thu Aug 31 01:54:11 +0000 2023,0,Tapi ya dipikir lagi kalo emang skripsi beneran dihapus nih angkatan gue bakal masa percobaan sistem baru,,"Édith Amandine, she/her (21+)",0,1,0,astvaroth
Thu Aug 31 01:51:39 +0000 2023,1,@Metro_TV Klo skripsi dihapus ganti masa kerja pra karyawan tetap lebih bagus krn tdk mengecewakan semua pihak.,Metro_TV,,0,0,0,rpatriantobsc
Thu Aug 31 01:46:55 +0000 2023,1,Aku sih ga setuju skripsi dihapus ya karena semua orang berhak dibikin gila kek yang aku alamin wkwk,,,0,0,2,kopasgatt
Thu Aug 31 01:44:39 +0000 2023,0,@KompasTV Kebijakan populis tapi salah besar.. Skripsi memaksa mhsw utk belajar berlatih dan praktek Conceptual Thinking yg sy rasakan sangat berguna di dunia kerja.. Seharusnya bukan dihapus tp diperbaiki prosesnya.. @nadiemmakarim,KompasTV,Jakarta,0,0,0,haryoardito
Thu Aug 31 01:43:38 +0000 2023,0,@sosmedkeras Kebijakan populis tapi salah besar.. Skripsi memaksa mhsw utk belajar berlatih dan praktek Conceptual Thinking yg sy rasakan sangat berguna di dunia kerja.. Seharusnya bukan dihapus tp diperbaiki prosesnya.. @nadiemmakarim,sosmedkeras,Jakarta,0,0,0,haryoardito
Thu Aug 31 01:40:03 +0000 2023,2,Skripsi Dihapus Dosen Arsitektur: Karya Lain Akan Lebih Berdampak di Masyarakat https://t.co/ZrtKPUOUST,,Indonesia,0,0,0,pikiran_rakyat
Thu Aug 31 01:35:58 +0000 2023,0,@collegemenfess bukan dihapus ga si tp diganti ke alternatif lain selain skripsi,collegemenfess,,0,0,0,ssh1ttluvh
Thu Aug 31 01:32:04 +0000 2023,0,mending skripsi yang dihapus anjir. kalo dosbing yang dihapus gimana caranya tau ini skripsi udah layak apa belom. ntar dibantai pas sidang mampus malahan ,,🩷💚,0,0,0,gogobugii
Thu Aug 31 01:25:42 +0000 2023,1,Klo dosbing dihapus elu mau ngerjain skripsi dibimbing siapa bejirr,,,0,0,0,jjsthype
Thu Aug 31 01:24:59 +0000 2023,0,Beneran kagak ni? Otw nyusun ni btw kalo ditengah2 aing nyusun trus dihapus ya sia2 dong nanti skripsi aing,,,0,0,0,naqball
Thu Aug 31 01:20:15 +0000 2023,0,@makimagoreng Ngga dihapus gasih itu cm clickbait. Sebenernya dibebasin ke kampusnya masing masing trs ditambah opsi ga harus skripsi bisa jd tugas akhir atau penelitian gt gt deh,makimagoreng,she/her,0,1,0,ktoorush
Thu Aug 31 01:16:21 +0000 2023,0,Ngga kayak pas SMA aku jd angkatan terakhir KTSP 2006 jadi angkatanku itu wajib lulus biar ga repot ngulang di kurikulum baru. Hoki gitu. Aku ngarepin SKRIPSI dihapus dari sejak awal wacana ini keluar. Dan beneran aku DO cuma kurang nylsein skripsi tok. Rada kambing https://t.co/fuH8kawPcf,goziafdoli1,pasar malam,0,0,0,goziafdoli1
Thu Aug 31 01:15:43 +0000 2023,0,Tlku isinya skripsi dihapus smua wkakwkka ,,,0,0,0,kudagorengtpung
Wed Aug 30 23:30:00 +0000 2023,0,Bukan Dihapus Nadiem Tegaskan Syarat Skripsi agar Lulus Dikembalikan ke Perguruan Tinggi #NadiemMakarim #Mendikbudristek #skripsi #Thesis https://t.co/1M62W2elTG,,Indonesia,0,0,0,tribunnews
Wed Aug 30 23:04:21 +0000 2023,6,@collegemenfess skripsi bukan dihapuskan tapi bukan jadi satu satunya cara lulus dari kampus. Alias selain pilih skripsi km juga bisa pilih opsi proyek dan tugas akhir lain. Skripsi ga dihapus brow,collegemenfess,Yogyakarta,0,0,0,bintangfathan_
Wed Aug 30 23:01:36 +0000 2023,1,@sosmedkeras setelah aku lulus SMA: UN dihapus setelah aku lulus kuliah : skripsi dihapus ,sosmedkeras,,0,0,0,X_Xsasjw
Wed Aug 30 22:54:03 +0000 2023,0,Top News: Skripsi Dihapus Pertamina Berhenti Jual Pertalite di 2024 https://t.co/mWwbmNvxQU,,Jakarta,0,0,1,KATADATAcoid
Wed Aug 30 22:49:00 +0000 2023,2,gak papa sih gak usah dihapus skripsi saya cuma pengin sistem skripsian kampus saya diubah aja soalnya bener2 memberatkan mahasiswa kalau dari sisi biaya penelitian ,,Indonesia,0,0,0,berlianmerah_
Wed Aug 30 22:44:17 +0000 2023,0,@tvOneNews Alasan skripsi dihapus,tvOneNews,,0,0,0,andrerichard030
Wed Aug 30 22:25:06 +0000 2023,1,@collegemenfess Serius nanya karena emang gak kuliah. Emang kalo skripsi dihapus dosbing tetep ada?,collegemenfess,,0,0,0,breathersleeprr
Wed Aug 30 22:19:18 +0000 2023,1,@kumparan Aku tau arahnya kemana Langkah awal skripsi dulu karena banyak joki Ntar lama² kuliah dihapus karena banyak yg beli ijazah Kalo kampus udah disusupi politik jadinya rusak. Yg mau bikin aturan kan menterinya ngapain rektor yg ngasih penjelasan?,kumparan,Kediri,0,0,0,KtkungTmnSndiri
Wed Aug 30 22:04:00 +0000 2023,1,@DrEvaChaniago UN dihapus skripsi tidak lagi wajib,DrEvaChaniago,,0,0,0,Widyawa64704930
Wed Aug 30 21:28:18 +0000 2023,1,Begini Penjelasan Mendikbudristek Nadiem Makarim Skripsi Dihapus Diganti Aturan Baru https://t.co/MiMJjfR50g,,,0,0,0,ElbaitNews
Wed Aug 30 20:32:08 +0000 2023,0,Gila. Kalo dosbing dihapus mana ada gw sidang skripsi cuma 30 menit dan bisa dapet nilai A HAHAHAHA jangan gitu dong ibu dosbing gw super duper helpful walaupun kadang suka galak dikit tapi skripsi gw beres on time!!!,,any pronouns,0,1,0,vesicafeIIea
Wed Aug 30 19:30:13 +0000 2023,0,Salah satu bad luck yang sering terjadi lulus sma UN dihapus sekarang lulus kuliah Skripsi di hapus ,,Indonesia,0,0,0,masgreget1999
Wed Aug 30 18:17:36 +0000 2023,0,Kata gua sih ya sidangnya aja sih yang dihapus yekan skripsi adamah biarin aja geh gapapa sih guamah yang penting sidangnya aja yekan yang ngilang. Biar apaaa? Biarinnn ,,,0,1,0,deimazzz
Wed Aug 30 17:36:18 +0000 2023,0,Skripsi jadi dihapus ga bng,,,0,1,0,maskerasahi
Wed Aug 30 17:27:55 +0000 2023,2,Lagi rame soal skripsi yang dihapus. Tapi aku lebih dukung kkn sihh yang dihapus.,,,0,1,0,anangestup
Wed Aug 30 17:11:34 +0000 2023,0,@collegemenfess Ujiannya aja sih mendingan yg dihapus kaya gpp bikin skripsi tp gausa ujian,collegemenfess,_world,0,0,0,hizeeyaa
Wed Aug 30 16:59:51 +0000 2023,2,pas daftar smp ada zonasi pas mau lulus ada UNBK pas masuk SMA diterapkan kurikulum 13 pas masuk kuliah UN dihapus lagi kuliah ada pandemi MAU LULUS KULIAH SKRIPSI DIHAPUS https://t.co/VhktFP19HJ,,her higness/her majesty,0,1,0,pokka_ocha
Wed Aug 30 16:57:13 +0000 2023,0,yg skripsi dihapus beneran dksi? ,,,0,0,0,bitterbittt
Wed Aug 30 16:43:35 +0000 2023,0,@collegemenfess Gw sebagai angkatan pertama yang ngerasain UN dihapus pas SMP dan Maba 23 yg mendengar skripsi dihapuskan merasa sangat2 bersyukur krna tuhan berpihak kpd adik2 2005,collegemenfess,,0,0,0,haechanunchdeep
Wed Aug 30 16:30:34 +0000 2023,0,@jaeyunnew @sbmptnfess katanya skripsi mau dihapus,jaeyunnew,,0,1,0,mzrshmellxw
Wed Aug 30 15:51:26 +0000 2023,0,@collegemenfess drpd skripsi dihapus mending sanksi dospem2 yg mempersulit bimbingan atau menunda2 bimbingan,collegemenfess,,0,0,0,c0okiesrenyah
Wed Aug 30 15:46:33 +0000 2023,0,@KompasTV Kurikulum Merdeka zonasi jalur Mandiri (duit) skrg skripsi dihapus...Alamat makin mudah lulus makin banyak sarjana nganggur krn bakal surplus berlebih... Industri yg ada saja tdk menyerap. Mari bergabung dgn Industri gojek Grab maxim indrive dkk,KompasTV,,0,0,0,vernandozz
Wed Aug 30 15:44:57 +0000 2023,6,@cureleann @collegemenfess Ini yang perlu disosialisasikan lagi sih berita yang seliweran terus skripsi dihapus dan apa lah. Padahal kan kembali lagi ke universitas masing masing kan,pluetco,,0,0,1,_ownersegala
Wed Aug 30 15:41:21 +0000 2023,0,klo skripsi dihapus diganti apa ya,,,0,0,0,terjengqang
Wed Aug 30 15:40:42 +0000 2023,0,Tapi kelihatan sama aja ya karena skripsi masih tercantum. Aku kira bakal yang bener-bener dihapus gitu,,she ; mdni,0,1,0,shrulean
Wed Aug 30 15:21:09 +0000 2023,0,Skripsi dihapus kurang setuju karena semua pelajaran saat kuliah cuman materi skripsi saja yg paling mengerti wkwk,,suka ikhlas,0,0,0,zidniilmank
Wed Aug 30 15:16:03 +0000 2023,0,Skripsi akan Dihapus Begini Komentar Mahasiswa Universitas Lambung Mangkurat Banjarmasin https://t.co/gPSCdTRpj4,,Banjarmasin,0,0,0,bjmUpdate
Wed Aug 30 15:09:15 +0000 2023,0,Skripsi akan Dihapus Begini Komentar Mahasiswa Universitas Lambung Mangkurat Banjarmasin https://t.co/HvjG6wCdDj lewat @banjarmasinpost,,"Banjarmasin, Kalsel",0,0,0,banjarmasinpost
Wed Aug 30 15:02:00 +0000 2023,0,@phantasmagorie_ udh puas si skripsi entot kita baru mau dihapus sama blio ya min,Lituayuniverse,CW // harsh words,0,1,0,mentarisehari
Wed Aug 30 15:00:01 +0000 2023,0,@asumsico Enak banget ye Mahasiswa skrg! Gw aja ngerjain Skripsi dulu smpe tipes Ujian Nasional sekolah dihapus masih okelah tapi skripsi perguruan tinggi dihapus rasanya kurang sreg..,asumsico,"Wellington City, New Zealand",0,0,0,neomorph_id
Wed Aug 30 14:54:01 +0000 2023,0,hidup lagi capek capeknya karna lagi nyusun skripsi eh dapet info skripsi mau dihapus,,rumah,0,0,0,aikaayra
Wed Aug 30 14:51:05 +0000 2023,0,@collegemenfess skripsi bukan dihapus deh mksdnya tp jd opsi lulus aja ga si,collegemenfess,fan & personal account,0,0,0,inikomedo
Wed Aug 30 14:43:40 +0000 2023,22,Jujur aku masih kayak bingung skripsi dihapus terus penggantinya penelitian gitu? Atau gimana sih???,,,0,2,1,quintessentlal
Wed Aug 30 14:35:26 +0000 2023,0,Skripsi dihapus Nadiem Makarim apakah untuk semua universitas di tanah air? Bagaimana cara lulusnya? #skripsidihapus #NadiemMakarim #kemendikbud #skripsi https://t.co/hxErdJFFNy,,Banyumas Raya ,0,0,0,Portal_PWT
Wed Aug 30 14:31:40 +0000 2023,0,Semua perdebatan skripsi dihapus Maraki emosi. Dikira dihapus beneran padahal dikasi opsi lain yg malah next level. Lebih industrial based ama naikin visibility kampus. Itu fokus Mas Menteri. Malah missed the point. Kene debat yoh sing ngmg gembira dihapus!!!!,,"50661 & 57126, Indonesia",0,1,1,summerissuminar
Wed Aug 30 14:20:01 +0000 2023,0,skripsi dihapus atau skripsi bukan satu satunya jalur buat lulus aku sih pro yah ,,speak in IND & ENG,0,1,0,FNE0O
Wed Aug 30 14:08:10 +0000 2023,0,@collegemenfess mending yg dihapus pas ujiannya sihh garap skripsi trus revisi revisi dah kelar ditumpuk gak sah ujian,collegemenfess,"Central Java, Indonesia",0,0,0,yessyjiminnie
Wed Aug 30 13:41:23 +0000 2023,0,@collegemenfess gue angkatan 2020. -dlu skolah gue udah ngelaksanain UNBK tp bru diinfoin kl UNBK dihapus utk SMA aja sdgkn gue SMK -skrg gue lg nyusun TA diinfoin kalo skripsi diapus tp utk S1/D4 aja trs nasib D3 gmn,collegemenfess,,0,1,0,meawnayaa
Wed Aug 30 13:36:50 +0000 2023,32,@collegemenfess Padahal mah sesuai kebijakan kampus pun ga dihapus juga. Pilihan selain nulis skripsi apa? Artikel ilmiah? Publikasi jurnal? Prototype? Ya sama aja akhirnya malah keluar duit lebih banyak wkwkwkw,collegemenfess,Australia,0,5,1,ameameer__
Wed Aug 30 13:21:05 +0000 2023,0,daripada skripsi yg dihapus mending gw aja yg dihapus sih bang,,she her 20+,0,0,0,komandansan
Wed Aug 30 13:20:29 +0000 2023,0,@seunghuln tau ga siii gua lagi semangat semangatnya ngerjain trs bapa gua bilang loh bukannya katanya skripsi udh dihapus? shshshsh,seunghuln,,0,1,0,4961km
Wed Aug 30 13:20:00 +0000 2023,0,@sekareeeee Nadiem kata skripsi bakal dihapus tapi kembali ke universitas dan fakultas masing² ,sekareeeee,"Kota Banda Aceh, Nangro Aceh D",0,0,0,Habib94801967
Wed Aug 30 13:11:24 +0000 2023,0,Emang siapa bilang skripsi dihapus sih,,21+,0,0,0,baekktoyou
Wed Aug 30 13:10:09 +0000 2023,1,@collegemenfess WKSKKSKSKWKW NANGIS NANGIS BUAT SKRIPSI EH DIHAPUS,collegemenfess,tak terhingga,0,0,0,pinkyswearcute
Wed Aug 30 13:09:39 +0000 2023,0,@collegemenfess hadeh wacana skripsi mau dihapus tu udah dari kapan taun nder selalu begini alurnya,collegemenfess,Indonesia,0,0,0,aI0nica
Wed Aug 30 13:09:31 +0000 2023,1,asu og malah dihapus untungo ak skripsi jalur cepat jadi tidak pusing² sih awowkwk btw ora tuku loh ya wkwk,,Indonesia,0,1,0,ultramenn__
Wed Aug 30 13:01:02 +0000 2023,0,@collegemenfess 2) skripsi tidak dihapus harap baca berita yang lengkap ya jangan judul saja..,ariessarach,"Bandung, Jawa Barat",0,0,0,ariessarach
Wed Aug 30 12:57:56 +0000 2023,0,bukan dihapus tapi kampus bisa fleksibel menentukan syarat lulus yang tidak harus skripsi; mahasiswa memilih opsi yang ada. dan ini sebenarnya bukan hal yang baru-baru amat sih. prodi-ku kasih dua opsi untuk tugas akhir: skripsi dan karya bidang sejak lama. https://t.co/AKDEIGq5ti,,,0,0,0,mpi_luthfi
Wed Aug 30 12:54:54 +0000 2023,0,Gue baru selesai skripsi blm lama ini dan tiba tiba dihapus. Kok km pilih kasih sih,,,0,0,0,capekdehwoi
Wed Aug 30 12:54:14 +0000 2023,0,Arep skripsi dihapus po ora yo tetep golek gawean angel,,Laughtale,0,4,0,Al_Hidayahhh
Wed Aug 30 12:31:11 +0000 2023,0,sekalipun skripsi dihapus dan diganti sm yg katanya project tp kalo tetap ada kayak semacam sidang ya samaaja wkwkw. malah lebih berat kalo project trs sidang,,"b.i, kim junkyu",0,1,0,_1OO8O1
Wed Aug 30 12:19:05 +0000 2023,0,Skripsi Dihapus Plh Wali Kota Bandung: Dunia Pendidikan Itu Dinamis https://t.co/Cpmtueg6b2,,"Jawa Barat, Indonesia",0,0,1,IDNTimesJabar
Wed Aug 30 11:42:27 +0000 2023,0,Gue sekarang stuck di skripsi anjirr cepet boleh ngga ini dihapus sekarang aja,,,0,1,0,wolfulwell
Wed Aug 30 11:32:29 +0000 2023,0,@abu_waras Un dihapus skripsi dihapus. Sedangkan di negara maju UN masih berlaku dan skripsi pun masih diberlakukan. Mau dibawa kemana anak didik kita? Sekarang emang blm terlihat dampaknya tapi 10 th kemudian pasti bobrok,abu_waras,Jakarta Capital Region,0,2,0,mrsasaky
Wed Aug 30 11:30:27 +0000 2023,76,@collegemenfess Dihapus tp ada pengganti lain mnrtku sama aja si nder soalnya ttp aja di akhir itu bikin penelitian tp bedanya gadibikin skripsi,collegemenfess,"West Java, Indonesia",0,3,1,vitrolove
Wed Aug 30 11:21:10 +0000 2023,0,yg angkatan 20 21 22 dst.. ini mah jebakan wkwk tp yauda lg pada seneng juga skripsi dihapus,,she/her!,0,1,0,skylaerk
Wed Aug 30 11:15:48 +0000 2023,0,Mending sidangnya aja yang dihapus jadi skripsi nya tinggal kumpul.,,,0,0,0,ongdeep
Wed Aug 30 11:12:24 +0000 2023,2,@collegemenfess mau join kasi opinii yaa menurutku skripsi dihapus itu sgt menguntungkan bagi temen2 yg lebih condong ke praktisi. bikin redaksional tuh susah loo ada bbrp orang yg lbh suka bikin alat / software / prototype nya langsung. kalo alat / software / prototype nya nyala yauda beres,collegemenfess,,0,2,0,ginormiccha
Wed Aug 30 11:07:12 +0000 2023,19,@collegemenfess Logikanya gimana sih ini? Kalau emang dosen pembimbing banyak yang memepersulit berarti sistemnya harus dibuat lebih egaliter. Bukannya malah dihapus. Skripsi yang dibimbing aja penulisannya masih kacau apalagi tanpa dibimbing dosen.,collegemenfess,,0,0,0,prohaeresis
Wed Aug 30 11:05:46 +0000 2023,2,Skripsi sebagai Syarat Wajib Kelulusan akan Dihapus Universitas Lambung Mangkurat Banjarmasin https://t.co/JmLkTb8CYs lewat @banjarmasinpost,,"Banjarmasin, Kalsel",1,1,0,banjarmasinpost
Wed Aug 30 11:05:34 +0000 2023,3,kenapa ya habis aku lulus sekolah tetiba UN dihapus. sekarang sudah lulus kuliah Skripsi dihapus juga. tapi gpp sih sisi baiknya aku bisa memperjuangkan hal-hal baik dan punya banyak ilmu tentunya. ‍️,,Indonesia,0,0,0,aydiyana_ayyyyy
Wed Aug 30 10:57:31 +0000 2023,49,Kalau Skripsi Dihapus Apa Yang Menjadi Tolak Ukur Untuk Menguji Isi Otak Mahasiswa Setelah Selesai Kuliah? Jawab Nadiem! Jawaaaaab!!!!,,"Bima Sakti, Bumi, Indonesia",2,17,10,abu_waras
Wed Aug 30 10:55:01 +0000 2023,1,@Rahadi0816 @KompasTV Skripsi tdk dihapus. Tetap ada. Tidak semua sarjana (S1) melanjutkan studi ke pasca. Sedangkan kompentensi keahlian di dunia kerja banyak membutuhkan skill dan pengalaman empirik. Mahasiswa tinggal pilih.,Rahadi0816,,0,0,0,SatuvisiP
Wed Aug 30 10:52:31 +0000 2023,0,Alasan Skripsi Dihapus Aturan dan Syarat Baru Mahasiswa jadi Sarjana https://t.co/4xZBiMRVGc lewat @tribunnews,,Jl Sungai Raya Dalam Kubu Raya,0,0,0,tribunpontianak
Wed Aug 30 10:50:01 +0000 2023,0,Heboh Skripsi Dihapus dari Syarat Kelulusan Pemkot Bandung Ikut Buka Suara Begini Katanya https://t.co/XjhOylSUMw,,"Bandung, Jawa Barat",0,0,0,mapaybandungcom
Wed Aug 30 10:31:51 +0000 2023,2,Terus Tugas Akhir yg dibagi jadi 5 RMK juga ada korelasinya dengan dunia kerja lau naval arsitek bakal nge ansys otoket ampek mampus. Terus yg dihapus afaik cuma skripsi not really the Tugas Akhir. Soalnya in order for lulus bs diganti dengan proyekan prototip dll,pemanishidup,Burning Library of Alexandria,0,1,0,pemanishidup
Wed Aug 30 10:16:16 +0000 2023,0,@anak_legal Setuju banget. Skripsi seharusnya udh dihapus diganti sama program² yg relevan di jaman sekarang dan kedepannya contoh magang dan project penelitian.. Toh jg nanti ujug² ny anak FH lulus jg langsung masuk dunia kerja bukan mengabdi mengayomi masyarakat xixixi,anak_legal,,0,0,0,raafiioo
Wed Aug 30 10:16:00 +0000 2023,0,@collegemenfess Gak guna juga sih kalau skripsi dihapus tapi diganti sama tugas akhir yang sama sama susah dan ngebuat pusing,collegemenfess,magic island,0,0,0,sanctuary304
Wed Aug 30 10:06:08 +0000 2023,2,Memangnya Kenapa kalau Skripsi Dihapus? Nggak Ada Efeknya Juga kan? #TerminalMojok https://t.co/JVXv3SzojF,,redaksi@mojok.co,0,1,0,mojokdotco
Wed Aug 30 10:00:31 +0000 2023,0,@KompasTV Enak banget gw dulu 2x ujian kompre &amp; skripsi. Saiki dihapus????? ,KompasTV,"DKI Jakarta, Indonesia",0,0,0,Optimisme1176
Wed Aug 30 09:54:10 +0000 2023,0,Aduhh bu saya jg maunya skripsi dihapus aja tapi gajadi bu nanggung saya maunya dipermudah aja sampe lulus sidang nanti ,peachberriex,Location unknown,0,0,0,peachberriex
Wed Aug 30 09:42:27 +0000 2023,0,@collegemenfess daripada skripsi &amp; dosbing yg dihapus mending nama lu yg dihapus dari sistem sistem akademik kampus. Kadang kalau dipikir2 tuh 1 orang mahasiswa yg nggak lulus2 mempersulit mahasiswa lainnya dan fakultas buat naik akreditasi.,collegemenfess,,0,0,0,tom_hutomo
Wed Aug 30 09:41:39 +0000 2023,0,@collegemenfess Tp kalo misal birokrasi skripsi bisa dihapus dan diganti dengan hanya LoA artikel terbit jurnal keknya menarik. Entahlah aku ngerasa skirpsi isinya lebih universal dan bertele-tele kayak semuanya dibahas dibandingkan kalau cm bikin artikel aja :),sennocides,"Kota Malang, Jawa Timur",0,0,0,sennocides
Wed Aug 30 09:39:50 +0000 2023,0,ga wajib bukan berarti dihapus kan? jadi gua rasa skripsi bakal tetep ada apalagi swasta biar duitnya lancar,,,0,0,0,recrvt
Wed Aug 30 06:26:20 +0000 2023,1,1. Angkatan 20 generasi coba-coba. Angkatan covid UN dihapus. Dan sekarangan skripsi tidak diwajibkan.,,indonesia,0,1,0,alyahsnaG
Wed Aug 30 06:25:02 +0000 2023,0,Skripsi dihapus tapi..,,,0,1,0,quinncorleone_
Wed Aug 30 06:18:09 +0000 2023,0,@tanyakanrl setuju ga skripsi dihapus? kenapa?,tanyakanrl,,5,0,0,notlastdragon
Wed Aug 30 05:52:42 +0000 2023,0,affh iyh skripsi mw dihapus pak? diapus nya taun ini aj boleh ga pak️ https://t.co/deFJ8MF7Ax,,,0,0,0,sccziu
Wed Aug 30 05:49:48 +0000 2023,0,skripsi dihapus 2023 omg hello,,,0,0,0,jscnsara
Wed Aug 30 05:44:30 +0000 2023,0,@nadnadnllh @collegemenfess Skripsi boleh dihapus tapi tetep bikin karya tulis yes.,nadnadnllh,Indonesia,0,1,0,wahyuputra19
Wed Aug 30 05:42:05 +0000 2023,0,Minimal dihapusnya pas gua belum skripsi. Kenapa selalu begini dah? UN juga dihapus pas udah lulus SMA minimal nih permudah juga dong pendidikan gua!??,,,0,2,0,ocralan
Wed Aug 30 05:39:42 +0000 2023,6,kalo skripsi beneran dihapus bener bener jadi angkatan uji coba kemendikbud dari SD,,,0,3,0,r5eeeeey
Wed Aug 30 05:34:19 +0000 2023,0,@collegemenfess Emang kalo dihapus jadi ilang beneran 100%? I dont think so. Kemungkinan pastinya akan jadi opsi pilihan untuk lulus: 1. Bikin skripsi kek biasanya. 2. Bikin projek yg relevan dengan jurusan masing2 dengan output kajian laporan ilmiah. . Jadi ya sama2 puyeng wkwk.,collegemenfess,"Depok, Indonesia",0,0,0,DoraMenghilang
Wed Aug 30 05:31:28 +0000 2023,0,Setuju kalo skripsi dihapus daripada skripsi mahasiswa lebih butuh banyakin ujian praktek kompetensi sesuai jurusan masing2. Udah overthinking di skripsi susah masuk dunia kerja ngang ngong ngang ngong soalnya praktikum kurang luas,,,0,0,0,hernindameysa_
Wed Aug 30 05:25:01 +0000 2023,0,Skripsi adalah satu di antara banyak penelitian yang memungkinkan bisa dilakukan oleh mahasiswa. Kalaupun ingin dihapus maka apa instrumen baru tentang penelitian di tingkat perguruan tinggi? https://t.co/DOIBLJOhqh,,Indonesia,0,0,0,kompasiana
Wed Aug 30 05:16:32 +0000 2023,0,@collegemenfess Skripsi dihapus diganti dengan wajib militer,collegemenfess,"Sukabumi, Jawa Barat",0,0,0,FarisWahyudi_
Wed Aug 30 05:12:07 +0000 2023,0,skripsi dihapus eh disuruh buat jurnal ilmiah ,,,0,0,0,moonarmour
Wed Aug 30 05:06:29 +0000 2023,0,Kebangetan emg susah susah skripsi eh sekarang dihapus knp gak dari dulu sattttttttt,,Sleman,0,0,0,rchmdsb
Wed Aug 30 05:03:33 +0000 2023,0,@zonnebi dr zaman kurikulum international waktu sd sampe skripsi dihapus entah mungkin anak-anak 2001 spesial,zonnebi,,0,1,0,celinedreev
Wed Aug 30 05:03:24 +0000 2023,0,Kalo skripsi dihapus nanti alasan Aku pusing banget mau ngerjain skripsi di mana boleh di kosan kamu aja ga? gimana?,,Brazil,0,2,0,tomaysyah
Wed Aug 30 05:01:15 +0000 2023,0,Mendikbudristek Nadiem: SKRIPSI DAPAT DIHAPUS ATAU TIDAK LAGI WAJIB BAGI MAHASISWA https://t.co/ONOk2avZ7i,,,0,1,0,ecodu_id
Wed Aug 30 04:41:06 +0000 2023,0,angkatan 23 yg baru masuk udh smp dihapus un kuliah dihapus skripsi https://t.co/gYkuNpUAU9,,ateez,0,1,0,jjeonglya
Wed Aug 30 04:28:54 +0000 2023,0,Nadiem Makarim selaku Menteri Pendidikan menjelaskan beberapa perubahan yang akan berlangsung dalam pendidikan tinggi. Perubahan ini dirasakan pada jenjang S1 atau D4. Skripsi yang awalnya menjadi syarat kelulusan kini telah dihapus.,detik_edu,,0,1,0,detik_edu
Wed Aug 30 04:28:22 +0000 2023,0,Sbnrny skripsi g masalah yg dihapus persetujuan dosen aj,,,0,0,0,purplesachet
Wed Aug 30 04:25:39 +0000 2023,0,@belumdipikir Skripsi dihapus ga se,belumdipikir,"Kota Mojokerto, Jawa Timur",0,1,0,timyoungk
Wed Aug 30 04:22:22 +0000 2023,1,Skripsi dihapus? Lah ga adil la aku aja sempet stress gegara skripsi,,Earth ,0,1,0,SofttiesGirl
Wed Aug 30 04:16:02 +0000 2023,0,@KompasTV Ini jd ruang lebar masuknya tenaga kerja asing! Brdsrkan kajian apa skripsi dihapus??? Standar pengganti skripsi jd lbh rendahkah???,KompasTV,,0,0,0,EvilindaD
Wed Aug 30 04:12:23 +0000 2023,0,@Chanchwy @webeeu @collegemenfess Kampusku pernah skripsi diganti laporan program kampus merdeka tp banyak yg ngga se linier sama program studinya jd dihapus. Wajib skirpsi lagi wkwk,Chanchwy,,0,0,0,anaktirisulung
Wed Aug 30 04:05:56 +0000 2023,0,oh skripsi dihapus? kenapa nggak dari dulu oe.,,,0,0,0,jeongwoolight
Wed Aug 30 04:03:56 +0000 2023,1,@OposisiCerdas Pak menteri... tahun 90 akhir n awal 2000 skripsi pernah dihapus diganti tugas akhir Tp sekarang dikembalikan lagi TOLONG.. evaluasi n pelajari yg dulu itu Jg lsg main terap2in Buatlah kebijakan berdasar data jg berdasarka bisikan,OposisiCerdas,Indonesia,0,1,0,deezaen
Wed Aug 30 04:01:39 +0000 2023,0,@sosmedkeras Lah skripsi dihapus. Mending ospek pak dihapus. Ada yg cm jd ajang balas dengdam ato skrg lg rame wat papermob ato apalah itu. Penelitian itu mah. Biar kebentuk kerangka berpikirnya. Klo dasar penghapusan cm relevansi dgn dunia kerja ya intinya pengen nyetak budak korporat aj,sosmedkeras,"Malang-Batu, Jawa Timur",0,0,0,gustussutsuga
Wed Aug 30 03:20:52 +0000 2023,0,UN dihapus setelah aku baru lulus dan skripsi dihapus setelah baru selesai wisuda emg angkatan ku selalu jadi bahan terakhir.,,"Kota Medan, Sumatera Utara",0,0,0,yuunicornn
Wed Aug 30 03:19:42 +0000 2023,0,ribut2 skripsi dihapus dihilangkan diganti dan sejenisnya udah sering diomongin sejak sukarno belom lahir. masih aja diributin netijen. ,,trewes,0,0,0,DavidSetyawan_
Wed Aug 30 03:04:18 +0000 2023,0,@smartgirlukno skripsi dihapus ganti nama lain bisa tugas akhir rancangan akhir jurnal karya tulis ganti nama doang kali wkwk,smartgirlukno,Indonesia,0,1,0,siomaypalmerah
Wed Aug 30 02:53:59 +0000 2023,0,@sosmedkeras Iya bener skripsi dihapus.. tapi diganti pake proyek atau prototype atau sejenisnya.. yaa kayak TA anak teknik gitu lho.. biayanya cukup besar klo dikerjain sendiri tapi kayaknya boleh secara kelompok.. yaa bisa patungan lah ya klo berkelompok.. di luar negeri kyk maudy ayunda-,sosmedkeras,,0,1,0,a_irbur
Wed Aug 30 02:43:31 +0000 2023,1,Kalo skripsi dihapus makin sulit memahami dan melatih logika / jalan berpikir mahasiswa dong?,,,0,2,0,ketimvran
Wed Aug 30 02:39:03 +0000 2023,52,Skripsi bisa dihapus atau tidak wajib lagi bagi mahasiswa -Mendikbud Nadiem Makarim. Kenapa disaat saya udah lulus pak? #NadiemMakarim #Skripsi #IndiHome https://t.co/5UH6ioSE4z,,"Medan, Indonesia",0,2,45,MySumatera
Wed Aug 30 02:33:13 +0000 2023,0,Skripsi dihapus dan kewenangan dikembalikan ke kampus ya? Wah mahasiswa jaman now gak bakalan tau spanengnya ditanya kapan lulus ga bakal tau rasanya berdarah2 ngelembur ngerjain skripsian ,,Jakarta,0,0,0,SasiKirono
Wed Aug 30 02:31:05 +0000 2023,0,Angkatan gua UN dihapus sekarang tahun terakhir gua dan ga wajib skripsi apakah ini hoki ,,Indonesia,0,0,0,strngrr17
Wed Aug 30 02:30:28 +0000 2023,0,Kaga dihapus pak tapi gak diwajibkan dan bisa dalam bentuk lain. Di fakultas saya juga gak wajib. Mau ambil skripsi legal memoranda atau studi kasus boleh2 aja. Intinya tetep ngerjain TA.,,java,0,0,0,diebarneule
Wed Aug 30 01:35:00 +0000 2023,3,Beneran skripsi mau dihapus??,,,0,13,0,bocilkemati4n
Wed Aug 30 01:26:17 +0000 2023,0,@sosmedkeras Skripsi dihapus tapi disuruh buat artikel dan kudu terbit di sinta 2 alias sama aja,sosmedkeras,,0,0,0,ahaechanahae
Wed Aug 30 01:20:44 +0000 2023,0,Cocoklogi dulu gue SMA pas bngt udh kelas 12 detik2 mau UN eh UN nya dihapus dan Gajadi UN pdahal udh simulasi udh tryout. Skrang kuliah udh Smstr 7 udh bimbingan udh nyusun bab 2 eh ada isu skripsi dihapus. Dan smoga bneran Gajadi skripsian gue capek dgn ribuan judul.,,"Bali, Indonesia",0,0,0,camaovinga
Wed Aug 30 01:11:28 +0000 2023,21, un dihapus skripsi dihapus besok apa lagi https://t.co/5P8p60nCuE,,Indonesia,3,12,1,tanyarlfes
Wed Aug 30 01:11:05 +0000 2023,0,Penghapusan UN okelah masih setuju kalau skripsi thesis disertasi dihapus kek gimana gitu ya. Mas mentri bilang diganti jadi tugas akhir berbentuk prototype/proyek dan dimana itu jatuhnya juga sama aja wkwk Cuma yg membedakan kalo tugas akhir itu individu.,,"East Java, Indonesia",0,0,0,dexamethashon
Wed Aug 30 01:06:55 +0000 2023,4,@Kemdikbud_RI @nadiemmakarim Kebijakan skripsi dihapus ? pdhl intelektualitas serta kemampuan analitis seorg mhsw bisa dinilai dr hsl tulisan pd https://t.co/tZWAK2nPVg seorg spesialis HRD dan sangat prihatin dg kualitas lulusan S1 di Indonesia. Kemampuan nalar rata2 mrk rendah analogi sering tdk nyambung.,Kemdikdasmen,Indonesia,0,0,0,agent_pin
Wed Aug 30 01:06:54 +0000 2023,1,UN dihapus skripsi mau dihapus.. hmm bisa dibayangkan dimasa depan makin sulit mengukur kompetensi seseorang. akademik? IQ EQ? apalagi attitude makin tanda tanya besar,,,0,0,0,_kr15ti_
Wed Aug 30 00:59:03 +0000 2023,1,of course setelah gw kelar skripsi. UN aja dihapus pas gw kuliah. My life is a joke for any of you kan?,,,0,0,0,sweetiesunnn
Tue Aug 29 21:58:15 +0000 2023,1,skripsi mau dihapus ini antara berita sedih apa seneng,,bumi,0,1,0,onyourmarkgf___
Tue Aug 29 21:38:44 +0000 2023,0,@kompascom Ujian Nasional sudah dihapus. Konten pembelajaran yang terlalu padat dihapus. Skripsi juga saatnya dihapus. Kompetensi bisa ditunjukkan tidak mesti di akhir tapi dimana pembelajar telah merasa siap.,kompascom,Medan,0,0,0,daniellsinaga_
Tue Aug 29 21:36:55 +0000 2023,0,@sosmedkeras Ujian Nasional sudah dihapus. Konten pembelajaran yang terlalu padat dihapus. Skripsi juga saatnya dihapus. Kompetensi bisa ditunjukkan tidak mesti di akhir tapi dimana pembelajar telah merasa siap.,sosmedkeras,Medan,0,0,0,daniellsinaga_
Tue Aug 29 21:32:58 +0000 2023,1,Padahal skripsi itu bisa jadi ajang 'balas dendam' junior2 yang diusilin dan dibentak gaje senior waktu ospek. Gak seru lah kalau dihapus,,,0,0,0,hayunalism
Tue Aug 29 19:55:55 +0000 2023,1,@kompascom Skripsi Bisa Dihapus --&gt; menggunakan Tipe X Kertas atau Stipo Kertas ( ! / ? ) yaaa... Ada berbagai merek loh yang bagus...! ex : Tombow Nusign Deli Faber-Castell dan JOYKO. Setiap merek memiliki keunggulan dan karakteristik masing-masing loh.,kompascom,Indonesia,0,0,0,engkong_brands
Tue Aug 29 19:50:44 +0000 2023,0,skripsi dihapus gantinya thesis. nah loh ,,Indonesia,0,0,0,Bondan182
Tue Aug 29 19:18:49 +0000 2023,0,hmm kalo d4 kan tugas akhirnya emg project based makanya namane proyek akhir. mau skripsi dihapus yo berarti gaada ngaruhe sih ,,,0,0,0,hazzlepufff
Tue Aug 29 19:09:39 +0000 2023,0,loh skripsi mau dihapus kah,,personal,0,0,0,suiheiisen
Tue Aug 29 18:53:00 +0000 2023,0,@collegemenfess Biasanya nih kalau andai skripsi beneran dihapus penggantinya pasti lebih susah dibanding skripsi. Biasanya,collegemenfess,,0,0,0,anaksasageyo
Tue Aug 29 18:37:55 +0000 2023,1,@ethereaff Eiya wkwk tpi klo dihapus pun pasti keganti sama penilaian baru sih. Dlu yg w juga uts uas dihapus tpi diganti jadi pts pas ya sama aja bjir. Paling skripsi ini jg diganti mungkin malah jadi cetak buku jurnal aowkwowk,ethereaff,© umi_1332,0,1,0,deathernally
Tue Aug 29 18:10:05 +0000 2023,21,@stepaniishere @collegemenfess bukan dihapus itu tp mhs bisa milih. Klo di Fib unair udah lama. Jadi ga skripsi aja bisa bikin buku novel film projek dll. Bisa juga kelompokan maks 3 orang. Bisa juga publish jurnal (ada ketentuannya),tempeorekmns,,1,0,0,ikkannn
Tue Aug 29 18:06:22 +0000 2023,1,@collegemenfess UN dihapus Skripsi di hapus next yang mau belajar aja dihapus pak,collegemenfess,"Pekan Baru, Riau",0,0,0,Fransromi1
Tue Aug 29 17:48:31 +0000 2023,1,@collegemenfess Gak bisa gitu pak. Skripsi harus tetap ada. Kalau dihapus nanti saya jadi iri kenapa dihapusnya pas bukan jaman saya waktu masih kuliah,collegemenfess,midle earth,0,0,0,uchihaagustd
Tue Aug 29 17:24:44 +0000 2023,0,ga tau deh. mngkin minatku emg di akademisi jd skripsi mnurutku ttep penting banget. tp klo org lain sy ga tau y. harapannya jgn murni dihapus tp jadikan sebagai PILIHAN.,,(it/its/its) ,0,1,0,clorovzt
Tue Aug 29 17:23:00 +0000 2023,0,@sosmedkeras pas saya uda nangis2 dan sakit2an krn skripsi br dihapus gpp yg penting uda merasakan ygy.,sosmedkeras,,0,0,0,ansyrn_
Tue Aug 29 17:22:49 +0000 2023,0,@sosmedkeras skripsi dihapus tpi syrt kelulus hrus ujian lisan selama seminggu eakk,sosmedkeras,,0,0,0,ardasrg112
Tue Aug 29 17:18:33 +0000 2023,3,gua ga akan iri karna skripsi dihapus. gua gamau temen temen dan adek gua dapet pengalaman ngejer dosen. skripsi lama kelarnya bukan karna males tapi banyak dosen yang mempersulit yang gila hormat yang cepet baper dan sibuk sama urusan lain. bener bener jangan sampe kejadian.,,,0,0,0,gloferklo
Tue Aug 29 17:17:09 +0000 2023,0,@sosmedkeras skripsi gampange ngene og ndadak dihapus barang ,sosmedkeras,city of feodalism,0,0,0,farhanalff
Tue Aug 29 14:12:51 +0000 2023,2,@yusufgunawan amin itu gantinya ya tetap ada tugas akhir pak hehehe saya kira dihapus juga ga pa apa la kan juga ada oknum yang sukanya pakai joki pembuatan skripsi ,yusufgunawan,malang-jawa timur,0,2,0,ipoksamidub
Tue Aug 29 14:10:30 +0000 2023,1,@collegemenfess Ini asli peraturan skripsi mau dihapus? Merdeka bgt ini mah buat gua yang lagi gapyear kalo dah kuliah nanti,collegemenfess,,0,0,0,jukyeong0
Tue Aug 29 14:06:02 +0000 2023,4,@collegemenfess angakatan 20 pas sma ada wacana UN dihapus dan terjadi sekarang angkatan 20 pas ondeway nyusun skripsi ada wacana skripsi dihapus juga apakah bakal terjadi? mari menunggu kepastian https://t.co/flQrIxHQf7,collegemenfess,,0,0,0,lhmm0_0
Tue Aug 29 13:59:59 +0000 2023,1,@blushiw @helmcaargloss @sosmedkeras rl bgt. pas udh lulus lama UN dihapus skrg skripsi juga mau ditiadakan ,,Jkt,0,0,0,hantuuu16_
Tue Aug 29 13:59:20 +0000 2023,1,Pas udah lulus SMA UN dihapus. Sekarang pas udah lulus kuliah skripsi dihapus juga : ))),,,0,3,0,anxyclown
Tue Aug 29 13:57:37 +0000 2023,0,Dulu pas lulus SMA tahun depannya UN dihapus Sekarang udah wisuda kuliah skripsi dihapus,,"Jakarta Selatan, DKI Jakarta",0,3,0,Wisnustr
Tue Aug 29 13:56:59 +0000 2023,0,@diincsaur Skripsi dihapus kalo mau lulus harus ngalahin Akatsuki dulu.,,nowhere to be found,0,0,0,BabunyaKakashi
Tue Aug 29 13:54:51 +0000 2023,0,angkatan 2020 gini amat ya dulu UN dihapus karna corona alhasil kuliah pun online sampe semester 5 terus ini lagi masalah skripsi pantes dosen gue nyinggung masalah ini,chrmingprnc,njm,0,0,0,chrmingprnc
Tue Aug 29 13:54:17 +0000 2023,0,Jadi apa dampak ekonomi Pasca skripsi dihapus? Berapa persen penurunan transaksi di fotokopian? Berapa joki skripsi yg ngga punya orderan lagi? Supply kertas bungkus nasi kucing di angkringan juga bakal berkurang..,,Sidoarjo - Jogja - Jakarta,1,0,0,faridferre
Tue Aug 29 13:48:11 +0000 2023,0,@collegemenfess Ujian Nasional sudah dihapus. Konten pembelajaran yang terlalu padat dihapus. Skripsi juga saatnya dihapus. Kompetensi bisa ditunjukkan tidak mesti di akhir tapi dimana pembelajar telah merasa siap.,collegemenfess,Medan,0,0,0,daniellsinaga_
Tue Aug 29 13:47:42 +0000 2023,0,@direktoridosen Ujian Nasional sudah dihapus. Konten pembelajaran yang terlalu padat dihapus. Skripsi juga saatnya dihapus. Kompetensi bisa ditunjukkan tidak mesti di akhir tapi dimana pembelajar telah merasa siap.,direktoridosen,Medan,0,0,0,daniellsinaga_
Tue Aug 29 13:47:16 +0000 2023,2,@CNNIndonesia Un dihapus skripsi dihapus Interview kerja gak skalian dihapus pak? Biar langsung masuk kerja gitu,CNNIndonesia,Bandar Lampung,0,0,0,ramadhika99
Tue Aug 29 13:44:18 +0000 2023,1,Tapi keknya jgn 100% dihapus.. mungkin dimusyawarahkan aja format atau aturan skripsi yg lebih mudah atau manusiawi .,_soobirene,Indonesia,0,0,0,_soobirene
Tue Aug 29 13:42:40 +0000 2023,1,skripsi dihapus ini tanda2 surga atau tipu muslihat neraka,,was @ yxanfei,0,0,0,trapne5t
Tue Aug 29 13:37:40 +0000 2023,0,(Menanggapi skripsi dihapus) Terserah w dah muak bet eneg bet mo lanjut jugaak aghhh ni sebel anying https://t.co/hbf6L01kAq,,she/they,0,0,0,page_kiw
Tue Aug 29 13:34:27 +0000 2023,0,Ga pernah setuju UN (atau sejenisnya) dihapus Ga setuju skripsi dihapus ,,"Bandung, Indonesia",0,3,0,pawls_
Tue Aug 29 13:31:10 +0000 2023,1,@collegemenfess Skripsi dihapus tapi diganti wajib nyiptain buku sendiri punya 4 elemen avatar gabung di avenger dll,collegemenfess,"East Java, Indonesia",0,0,0,tulusiuss
Tue Aug 29 13:29:56 +0000 2023,1,@CNNIndonesia Skripsi dihapus Tugas akhir tetap jalan ,CNNIndonesia,,0,0,0,Adhi_krisnayana
Tue Aug 29 13:26:58 +0000 2023,1,Terus diganti apa pak? Urgensi nya apa kenapa bisa dihapus kalau ujian nasional dihapus diganti asesmen. Skripsi dihapus?,,Republic Of Indonesia ,0,0,0,firman__nurhuda
Tue Aug 29 13:26:02 +0000 2023,0,@Karsnayoo Wkwkwk menurut gua g bakal ada kampus yg ngilangin skripsi tesis disertasi dll sih percuma doang itu aturan kecuali kalo aturannya pnya hukuman yg ngerjain skripsi masuk penjara baru dihapus.,,she / her ,0,0,0,czhouye
Tue Aug 29 13:17:57 +0000 2023,0,@collegemenfess Gue lanjut kuliah pengen ngrasain skripsi malah dihapus wkwkwkwk,collegemenfess,,0,0,0,mionsii
Tue Aug 29 13:17:53 +0000 2023,0,@aksaaaja Dan ada kabar kata pak nadiem skripsi bakal dihapus,akkksani,Pink Ocean,0,1,0,hyyperstellar
Tue Aug 29 13:15:36 +0000 2023,0,@collegemenfess UN dihapus Skripsi dihapus Makin cepet numpuk aja lulusan yg jobseeker pak Sementara yg udah dan baru lulus aja masih berjuang dapet kerjaan Ini malah lulus dipermudah terus,collegemenfess,"❌trashfuckers, zionist",0,0,0,thirteenzerone
Tue Aug 29 13:12:51 +0000 2023,5,pantesan skripsi dihapus motivasi dia selalu ganti sistem perkuliahan di Indonesia sama kek di Amerika https://t.co/OSzxICr8dY,,"Hokkaidō, Japan",0,0,0,rudaljpn
Tue Aug 29 13:08:51 +0000 2023,0,@sosmedkeras saya udah setahun ngerjain skripsi trus skripsi mau dihapus? noooooooooooo,sosmedkeras,"BΛПDЦПG, IПDӨПΣƧIΛ",0,0,0,BackendPhyt0n
Tue Aug 29 13:08:19 +0000 2023,0,@iamnyam @CNNIndonesia Yah pak giliran saya mau wisuda skripsi dihapus,iamnyam,,0,1,0,Farhaaan___
Tue Aug 29 13:02:23 +0000 2023,0,nek skripsi dihapus berarti zamane kita dipermudah nemen sejenis un ditiadakan,,910,0,1,0,dwonaa
Tue Aug 29 13:01:18 +0000 2023,0,@CNNIndonesia Tahun ini bisa dihapus dong biar tahun depan ga skripsi,CNNIndonesia,He/Him,0,0,0,orewadekudes
Tue Aug 29 12:58:33 +0000 2023,2,Ujian Nasional sudah dihapus. Konten pembelajaran yang terlalu padat dihapus. Skripsi juga saatnya dihapus. Kompetensi bisa ditunjukkan tidak mesti di akhir tapi dimana pembelajar telah merasa siap.,,Medan,0,0,2,daniellsinaga_
Tue Aug 29 12:57:32 +0000 2023,0,ini bukan skripsi dihapus bjir kelen tugas akhirnya cuma skripsi khhh? aku sih milih skripsi karena males bikin project yeah,,,0,0,0,pokaribits
Tue Aug 29 12:53:49 +0000 2023,0,Sek.. adekku enak banget lak an. Bentar lagi mau unas eh dihapus sekarang mau skripsi yo dihapus. Aku kok merasakan kabeh seeee ,,pokoknya Jatim,0,0,0,notmelati
Tue Aug 29 12:51:07 +0000 2023,0,@magnific08 tau sih tp tetep aja aku ga terima skripsi dihapus damn nadiem makarim,magnific08,the witches road,0,1,0,himouwnt
Tue Aug 29 12:34:29 +0000 2023,0,Anjerrr kejadian lagiiiiii kemaren UN dihapus eh skrng skripsi,,,0,0,0,rhaelouis
Tue Aug 29 12:33:03 +0000 2023,0,TENTU SAJA BISA DIHAPUS SKRIPSI ITU TP OASTINYA DIGANTI OLEH YG LEBIH SUSAH DAN RIBET DAN SULIT DAN ARRRRRGGHHHHWBZISBSKKSSKSKOSKWKWK,,,0,1,0,succsesswomen
Tue Aug 29 12:32:41 +0000 2023,3,@collegemenfess skripsi dihapus terbitlah jurnal sama aja boong,collegemenfess,Jasun,1,6,0,Ayutuhcantik
Tue Aug 29 12:31:58 +0000 2023,0,@sosmedkeras apabila skripsi dihapus sebagai syarat lulus bolehkah saya pinjam dulu seratus?,sosmedkeras,,0,0,0,wanglaga
Tue Aug 29 12:26:00 +0000 2023,0,kemarin UN dihapus.. sekarang skripsi gak wajib ,,,0,0,0,letchugobin
Tue Aug 29 12:25:39 +0000 2023,0,kalo skripsi dihapus bakal diganti sama apa yhh ntar malah makin susah lagi ,,𓄷 ⌕ heehoon 🧺 ɞ̸  ,0,4,0,filesofmatcha
Tue Aug 29 12:25:17 +0000 2023,0,anjjjj kenap setiap ngeluarin peraturan pas gue udah lulus pertama UN dihapus pas gue udah lulu SMA sekarang skripsi pas gue udah lulus kuliah ,,Indonesia,0,0,0,doiebluesky
Tue Aug 29 12:24:58 +0000 2023,0,Doa gue skripsi dihapus dari awal kuliah malah kejawab pas lulus kuliah ,,Korea,0,6,1,jnkrubbies
Tue Aug 29 12:24:48 +0000 2023,0,lagi dan lagi dihapus pas gua baru lulus UN skripsi,,,0,0,0,teriyakiwijen
Tue Aug 29 12:22:28 +0000 2023,0,@CNNIndonesia Prodi gue baru menerapkan kalo mahasiswa buat jurnal penelitian yg publikasikan ke sinta 1 atau scopus dan berhasil terbit bebas tugas akhir wkwk alias skripsi mau dihapus apa ngga ya sama aja. Gantinya malah makin susah,CNNIndonesia,SHE/HER 🍀🦉,0,0,0,ddaiifuku
Tue Aug 29 12:16:10 +0000 2023,0, Kalo dihapus nanti nggak ada yang bisa dikenang Sekarang lu coba dah bikin skripsi dengan latar belakang penelitian supaya bisa dikenang . Pengen ngerti wa diterima atau nggak.,,"Surabaya, Jawa Timur",0,0,0,dikanchut
Tue Aug 29 12:14:44 +0000 2023,0,@User00126 @fallingmonstar @CNNIndonesia Iyaa bener maksud nya skripsi bkn dihapus tp tuh ujian akhir bentuknya ga cuma skripsi tesis atau disertasi,User00126,,0,0,0,melonteaa12
Tue Aug 29 12:13:00 +0000 2023,86,@CNNIndonesia Bukan dihapus ygy tapi tak diwajibkan Nih sebagian kutipan beritanya Tugas akhir bisa berbentuk macam-macam bisa berbentuk prototipe proyek bisa berbentuk lainnya bukan hanya skripsi tesis dan disertasi. Keputusan ini ada di perguruan tinggi kata Nadiem dalam diskusi,CNNIndonesia,,3,5,7,deospair
Tue Aug 29 12:11:37 +0000 2023,0,prnah kepikiran bsok² skripsi bakal dihapus lahhh tpii masaa BENERAN????,,🍉,0,0,0,lthfyyaa
Tue Aug 29 12:10:08 +0000 2023,0,dulu UN dihapus setelah aku lulus SMA skrng skripsi mau dihapus pas udh skripsian,,🪐➶.✧༄,0,0,0,skhripsi
Tue Aug 29 12:09:46 +0000 2023,0,Tak wajibkan lho ya bukan dihapus Di beritanya itu maksudnya syarat kelulusan ga hanya dengan skripsi. Coba dibaca dulu isinya ga cuma judulnya aja.,,pathetically mythical ocean,0,0,0,luciadelune
Tue Aug 29 12:07:26 +0000 2023,0,bismillah angkatan aku skripsi dihapus ,,dnf,0,0,0,mendahuIui
Tue Aug 29 12:05:33 +0000 2023,13,@collegemenfess wkwkwk ketauan ga pada baca beritanya. intinyaa: 1. Tugas akhir dapat berbentuk prototipe proyek atau bentuk lainnya tidak hanya skripsi/tesis/disertasi. 2. Jika sudah menerapkan kurikulum berbasis proyek dll maka tugas akhir dapat dihapus/tidak lagi bersifat wajib... https://t.co/6Ca005ivnr,collegemenfess,Indonesia,2,1,3,milkyfaraway
Tue Aug 29 12:02:21 +0000 2023,0,@collegemenfess Pak kalo skripsi dihapus. Apakah dosen yang salah satu kewajibannya buat penelitian juga akan dihapuskan? Karena penelitian mahasiswa S1 nantinya dikembangkan sama anak S2 terus sampe anak S3. Ini tolong dipikir ntar yang meneliti siapa,collegemenfess,me?,0,0,0,shiogeo
Tue Aug 29 12:01:08 +0000 2023,1,@collegemenfess asli ya dr tahun lalu gua skripsi udh ada desas desus skripsi dihapus sampe merasa seneng pas itu gaada skripsi etapi ya ga kejadian alias ttp skripsi. ,collegemenfess,RJN #14 #12,0,0,0,piszes
Tue Aug 29 11:56:03 +0000 2023,0,Di sah in pas tahun gwe kah bjrot angaktan 20 enak dh dulu UN dihapus sekrg skripsi ((kalo jadi)),,Akun ini suka ngomong sendiri,0,2,0,gimpofujian
Tue Aug 29 11:41:20 +0000 2023,0,@collegemenfess Waktu sma UN dihapus pas gue selesai UN. Skrng skripsi mau dihapus pas gue selesai skripsi,collegemenfess,,0,0,0,prrmenkrret
Tue Aug 29 11:40:13 +0000 2023,1,Kataku skripsi sebenernya perlu : )) karena orang berpendidikan tinggi itu khasnya emang bisa academic writing. Tapi misal pun dihapus minimal diganti sama yang setara misalnya buat seminar (jika bukan academic writing berarti secara speaking) intinya yg nunjukin mahasiswa,,writing acc:,0,1,0,NlLOUTUS
Tue Aug 29 11:34:16 +0000 2023,0,@blushiw @collegemenfess kampusku ada 2 jalur biar bisa lulus yaitu skripsi sama publikasi. mungkin kalo skripsi dihapus pake publikasi atau ada tambahan lainnya kali ya?,,,0,2,0,momogyii
Tue Aug 29 11:32:42 +0000 2023,0,@collegemenfess anj klo misal 2024 skripsi di hapus anjg bgt lah pokonya dlu un aja angkatan gue terakhir elah ni awas aja ya gue lg nyusun dan yaa sebenernya kalo dihapus bagus ajasi dihapus skrg gtu jan thn depan ,collegemenfess,°,0,1,0,jmsweetsz
Tue Aug 29 11:13:57 +0000 2023,817,@CNNIndonesia dulu gw lulus SMA kemudia ujian nasional dihapus sekarang gw lulus kuliah skripsi dihapus anjing. napa ga pas masa gw dihapusnta tolol,CNNIndonesia,,24,41,86,fallingmonstar
Tue Aug 29 08:54:19 +0000 2023,3,Mendikbud Nadiem: Skripsi Bisa Dihapus atau Tidak Wajib bagi Mahasiswa https://t.co/nLqdpfZf3o,txtpejuangtesis,,2,0,2,txtpejuangtesis
Wed Aug 16 05:57:20 +0000 2023,0,@heerynz huftt kenapa ya ga dihapus aja yg namanya skripsi ituh,heerynz,JHS,0,0,0,starysirius
